departamento,semana_epi,temp_media_c,humedad_pct,precip_mm,altitud_msnm,poblacion,lat,lon
Antioquia,1,23.37,76.72,145.12,1500,6900000,6.2442,-75.5812
Antioquia,2,23.53,77.39,155.68,1500,6900000,6.2442,-75.5812
Antioquia,3,23.66,77.99,164.98,1500,6900000,6.2442,-75.5812
Antioquia,4,23.78,78.47,172.47,1500,6900000,6.2442,-75.5812
Antioquia,5,23.85,78.81,177.72,1500,6900000,6.2442,-75.5812
Antioquia,6,23.89,78.98,180.42,1500,6900000,6.2442,-75.5812
Antioquia,7,23.89,78.98,180.42,1500,6900000,6.2442,-75.5812
Antioquia,8,23.85,78.81,177.72,1500,6900000,6.2442,-75.5812
Antioquia,9,23.78,78.47,172.47,1500,6900000,6.2442,-75.5812
Antioquia,10,23.66,77.99,164.98,1500,6900000,6.2442,-75.5812
Antioquia,11,23.53,77.39,155.68,1500,6900000,6.2442,-75.5812
Antioquia,12,23.37,76.72,145.12,1500,6900000,6.2442,-75.5812
Antioquia,13,23.2,76.0,133.9,1500,6900000,6.2442,-75.5812
Antioquia,14,23.03,75.28,122.68,1500,6900000,6.2442,-75.5812
Antioquia,15,22.87,74.61,112.12,1500,6900000,6.2442,-75.5812
Antioquia,16,22.74,74.01,102.82,1500,6900000,6.2442,-75.5812
Antioquia,17,22.62,73.53,95.33,1500,6900000,6.2442,-75.5812
Antioquia,18,22.55,73.19,90.08,1500,6900000,6.2442,-75.5812
Antioquia,19,22.51,73.02,87.38,1500,6900000,6.2442,-75.5812
Antioquia,20,22.51,73.02,87.38,1500,6900000,6.2442,-75.5812
Antioquia,21,22.55,73.19,90.08,1500,6900000,6.2442,-75.5812
Antioquia,22,22.62,73.53,95.33,1500,6900000,6.2442,-75.5812
Antioquia,23,22.74,74.01,102.82,1500,6900000,6.2442,-75.5812
Antioquia,24,22.87,74.61,112.12,1500,6900000,6.2442,-75.5812
Antioquia,25,23.03,75.28,122.68,1500,6900000,6.2442,-75.5812
Antioquia,26,23.2,76.0,133.9,1500,6900000,6.2442,-75.5812
Antioquia,27,23.37,76.72,145.12,1500,6900000,6.2442,-75.5812
Antioquia,28,23.53,77.39,155.68,1500,6900000,6.2442,-75.5812
Antioquia,29,23.66,77.99,164.98,1500,6900000,6.2442,-75.5812
Antioquia,30,23.78,78.47,172.47,1500,6900000,6.2442,-75.5812
Antioquia,31,23.85,78.81,177.72,1500,6900000,6.2442,-75.5812
Antioquia,32,23.89,78.98,180.42,1500,6900000,6.2442,-75.5812
Antioquia,33,23.89,78.98,180.42,1500,6900000,6.2442,-75.5812
Antioquia,34,23.85,78.81,177.72,1500,6900000,6.2442,-75.5812
Antioquia,35,23.78,78.47,172.47,1500,6900000,6.2442,-75.5812
Antioquia,36,23.66,77.99,164.98,1500,6900000,6.2442,-75.5812
Antioquia,37,23.53,77.39,155.68,1500,6900000,6.2442,-75.5812
Antioquia,38,23.37,76.72,145.12,1500,6900000,6.2442,-75.5812
Antioquia,39,23.2,76.0,133.9,1500,6900000,6.2442,-75.5812
Antioquia,40,23.03,75.28,122.68,1500,6900000,6.2442,-75.5812
Antioquia,41,22.87,74.61,112.12,1500,6900000,6.2442,-75.5812
Antioquia,42,22.74,74.01,102.82,1500,6900000,6.2442,-75.5812
Antioquia,43,22.62,73.53,95.33,1500,6900000,6.2442,-75.5812
Antioquia,44,22.55,73.19,90.08,1500,6900000,6.2442,-75.5812
Antioquia,45,22.51,73.02,87.38,1500,6900000,6.2442,-75.5812
Antioquia,46,22.51,73.02,87.38,1500,6900000,6.2442,-75.5812
Antioquia,47,22.55,73.19,90.08,1500,6900000,6.2442,-75.5812
Antioquia,48,22.62,73.53,95.33,1500,6900000,6.2442,-75.5812
Antioquia,49,22.74,74.01,102.82,1500,6900000,6.2442,-75.5812
Antioquia,50,22.87,74.61,112.12,1500,6900000,6.2442,-75.5812
Antioquia,51,23.03,75.28,122.68,1500,6900000,6.2442,-75.5812
Antioquia,52,23.2,76.0,133.9,1500,6900000,6.2442,-75.5812
Bogota D.C.,1,13.87,75.72,72.56,2625,7900000,4.6097,-74.0817
Bogota D.C.,2,14.03,76.39,77.84,2625,7900000,4.6097,-74.0817
Bogota D.C.,3,14.16,76.99,82.49,2625,7900000,4.6097,-74.0817
Bogota D.C.,4,14.28,77.47,86.23,2625,7900000,4.6097,-74.0817
Bogota D.C.,5,14.35,77.81,88.86,2625,7900000,4.6097,-74.0817
Bogota D.C.,6,14.39,77.98,90.21,2625,7900000,4.6097,-74.0817
Bogota D.C.,7,14.39,77.98,90.21,2625,7900000,4.6097,-74.0817
Bogota D.C.,8,14.35,77.81,88.86,2625,7900000,4.6097,-74.0817
Bogota D.C.,9,14.28,77.47,86.23,2625,7900000,4.6097,-74.0817
Bogota D.C.,10,14.16,76.99,82.49,2625,7900000,4.6097,-74.0817
Bogota D.C.,11,14.03,76.39,77.84,2625,7900000,4.6097,-74.0817
Bogota D.C.,12,13.87,75.72,72.56,2625,7900000,4.6097,-74.0817
Bogota D.C.,13,13.7,75.0,66.95,2625,7900000,4.6097,-74.0817
Bogota D.C.,14,13.53,74.28,61.34,2625,7900000,4.6097,-74.0817
Bogota D.C.,15,13.37,73.61,56.06,2625,7900000,4.6097,-74.0817
Bogota D.C.,16,13.24,73.01,51.41,2625,7900000,4.6097,-74.0817
Bogota D.C.,17,13.12,72.53,47.67,2625,7900000,4.6097,-74.0817
Bogota D.C.,18,13.05,72.19,45.04,2625,7900000,4.6097,-74.0817
Bogota D.C.,19,13.01,72.02,43.69,2625,7900000,4.6097,-74.0817
Bogota D.C.,20,13.01,72.02,43.69,2625,7900000,4.6097,-74.0817
Bogota D.C.,21,13.05,72.19,45.04,2625,7900000,4.6097,-74.0817
Bogota D.C.,22,13.12,72.53,47.67,2625,7900000,4.6097,-74.0817
Bogota D.C.,23,13.24,73.01,51.41,2625,7900000,4.6097,-74.0817
Bogota D.C.,24,13.37,73.61,56.06,2625,7900000,4.6097,-74.0817
Bogota D.C.,25,13.53,74.28,61.34,2625,7900000,4.6097,-74.0817
Bogota D.C.,26,13.7,75.0,66.95,2625,7900000,4.6097,-74.0817
Bogota D.C.,27,13.87,75.72,72.56,2625,7900000,4.6097,-74.0817
Bogota D.C.,28,14.03,76.39,77.84,2625,7900000,4.6097,-74.0817
Bogota D.C.,29,14.16,76.99,82.49,2625,7900000,4.6097,-74.0817
Bogota D.C.,30,14.28,77.47,86.23,2625,7900000,4.6097,-74.0817
Bogota D.C.,31,14.35,77.81,88.86,2625,7900000,4.6097,-74.0817
Bogota D.C.,32,14.39,77.98,90.21,2625,7900000,4.6097,-74.0817
Bogota D.C.,33,14.39,77.98,90.21,2625,7900000,4.6097,-74.0817
Bogota D.C.,34,14.35,77.81,88.86,2625,7900000,4.6097,-74.0817
Bogota D.C.,35,14.28,77.47,86.23,2625,7900000,4.6097,-74.0817
Bogota D.C.,36,14.16,76.99,82.49,2625,7900000,4.6097,-74.0817
Bogota D.C.,37,14.03,76.39,77.84,2625,7900000,4.6097,-74.0817
Bogota D.C.,38,13.87,75.72,72.56,2625,7900000,4.6097,-74.0817
Bogota D.C.,39,13.7,75.0,66.95,2625,7900000,4.6097,-74.0817
Bogota D.C.,40,13.53,74.28,61.34,2625,7900000,4.6097,-74.0817
Bogota D.C.,41,13.37,73.61,56.06,2625,7900000,4.6097,-74.0817
Bogota D.C.,42,13.24,73.01,51.41,2625,7900000,4.6097,-74.0817
Bogota D.C.,43,13.12,72.53,47.67,2625,7900000,4.6097,-74.0817
Bogota D.C.,44,13.05,72.19,45.04,2625,7900000,4.6097,-74.0817
Bogota D.C.,45,13.01,72.02,43.69,2625,7900000,4.6097,-74.0817
Bogota D.C.,46,13.01,72.02,43.69,2625,7900000,4.6097,-74.0817
Bogota D.C.,47,13.05,72.19,45.04,2625,7900000,4.6097,-74.0817
Bogota D.C.,48,13.12,72.53,47.67,2625,7900000,4.6097,-74.0817
Bogota D.C.,49,13.24,73.01,51.41,2625,7900000,4.6097,-74.0817
Bogota D.C.,50,13.37,73.61,56.06,2625,7900000,4.6097,-74.0817
Bogota D.C.,51,13.53,74.28,61.34,2625,7900000,4.6097,-74.0817
Bogota D.C.,52,13.7,75.0,66.95,2625,7900000,4.6097,-74.0817
Cundinamarca,1,15.37,73.72,89.3,2300,3400000,4.711,-74.0721
Cundinamarca,2,15.53,74.39,95.8,2300,3400000,4.711,-74.0721
Cundinamarca,3,15.66,74.99,101.52,2300,3400000,4.711,-74.0721
Cundinamarca,4,15.78,75.47,106.13,2300,3400000,4.711,-74.0721
Cundinamarca,5,15.85,75.81,109.37,2300,3400000,4.711,-74.0721
Cundinamarca,6,15.89,75.98,111.03,2300,3400000,4.711,-74.0721
Cundinamarca,7,15.89,75.98,111.03,2300,3400000,4.711,-74.0721
Cundinamarca,8,15.85,75.81,109.37,2300,3400000,4.711,-74.0721
Cundinamarca,9,15.78,75.47,106.13,2300,3400000,4.711,-74.0721
Cundinamarca,10,15.66,74.99,101.52,2300,3400000,4.711,-74.0721
Cundinamarca,11,15.53,74.39,95.8,2300,3400000,4.711,-74.0721
Cundinamarca,12,15.37,73.72,89.3,2300,3400000,4.711,-74.0721
Cundinamarca,13,15.2,73.0,82.4,2300,3400000,4.711,-74.0721
Cundinamarca,14,15.03,72.28,75.5,2300,3400000,4.711,-74.0721
Cundinamarca,15,14.87,71.61,69.0,2300,3400000,4.711,-74.0721
Cundinamarca,16,14.74,71.01,63.28,2300,3400000,4.711,-74.0721
Cundinamarca,17,14.62,70.53,58.67,2300,3400000,4.711,-74.0721
Cundinamarca,18,14.55,70.19,55.43,2300,3400000,4.711,-74.0721
Cundinamarca,19,14.51,70.02,53.77,2300,3400000,4.711,-74.0721
Cundinamarca,20,14.51,70.02,53.77,2300,3400000,4.711,-74.0721
Cundinamarca,21,14.55,70.19,55.43,2300,3400000,4.711,-74.0721
Cundinamarca,22,14.62,70.53,58.67,2300,3400000,4.711,-74.0721
Cundinamarca,23,14.74,71.01,63.28,2300,3400000,4.711,-74.0721
Cundinamarca,24,14.87,71.61,69.0,2300,3400000,4.711,-74.0721
Cundinamarca,25,15.03,72.28,75.5,2300,3400000,4.711,-74.0721
Cundinamarca,26,15.2,73.0,82.4,2300,3400000,4.711,-74.0721
Cundinamarca,27,15.37,73.72,89.3,2300,3400000,4.711,-74.0721
Cundinamarca,28,15.53,74.39,95.8,2300,3400000,4.711,-74.0721
Cundinamarca,29,15.66,74.99,101.52,2300,3400000,4.711,-74.0721
Cundinamarca,30,15.78,75.47,106.13,2300,3400000,4.711,-74.0721
Cundinamarca,31,15.85,75.81,109.37,2300,3400000,4.711,-74.0721
Cundinamarca,32,15.89,75.98,111.03,2300,3400000,4.711,-74.0721
Cundinamarca,33,15.89,75.98,111.03,2300,3400000,4.711,-74.0721
Cundinamarca,34,15.85,75.81,109.37,2300,3400000,4.711,-74.0721
Cundinamarca,35,15.78,75.47,106.13,2300,3400000,4.711,-74.0721
Cundinamarca,36,15.66,74.99,101.52,2300,3400000,4.711,-74.0721
Cundinamarca,37,15.53,74.39,95.8,2300,3400000,4.711,-74.0721
Cundinamarca,38,15.37,73.72,89.3,2300,3400000,4.711,-74.0721
Cundinamarca,39,15.2,73.0,82.4,2300,3400000,4.711,-74.0721
Cundinamarca,40,15.03,72.28,75.5,2300,3400000,4.711,-74.0721
Cundinamarca,41,14.87,71.61,69.0,2300,3400000,4.711,-74.0721
Cundinamarca,42,14.74,71.01,63.28,2300,3400000,4.711,-74.0721
Cundinamarca,43,14.62,70.53,58.67,2300,3400000,4.711,-74.0721
Cundinamarca,44,14.55,70.19,55.43,2300,3400000,4.711,-74.0721
Cundinamarca,45,14.51,70.02,53.77,2300,3400000,4.711,-74.0721
Cundinamarca,46,14.51,70.02,53.77,2300,3400000,4.711,-74.0721
Cundinamarca,47,14.55,70.19,55.43,2300,3400000,4.711,-74.0721
Cundinamarca,48,14.62,70.53,58.67,2300,3400000,4.711,-74.0721
Cundinamarca,49,14.74,71.01,63.28,2300,3400000,4.711,-74.0721
Cundinamarca,50,14.87,71.61,69.0,2300,3400000,4.711,-74.0721
Cundinamarca,51,15.03,72.28,75.5,2300,3400000,4.711,-74.0721
Cundinamarca,52,15.2,73.0,82.4,2300,3400000,4.711,-74.0721
Boyaca,1,14.37,74.72,83.72,2400,1300000,5.5353,-73.3678
Boyaca,2,14.53,75.39,89.81,2400,1300000,5.5353,-73.3678
Boyaca,3,14.66,75.99,95.18,2400,1300000,5.5353,-73.3678
Boyaca,4,14.78,76.47,99.5,2400,1300000,5.5353,-73.3678
Boyaca,5,14.85,76.81,102.53,2400,1300000,5.5353,-73.3678
Boyaca,6,14.89,76.98,104.09,2400,1300000,5.5353,-73.3678
Boyaca,7,14.89,76.98,104.09,2400,1300000,5.5353,-73.3678
Boyaca,8,14.85,76.81,102.53,2400,1300000,5.5353,-73.3678
Boyaca,9,14.78,76.47,99.5,2400,1300000,5.5353,-73.3678
Boyaca,10,14.66,75.99,95.18,2400,1300000,5.5353,-73.3678
Boyaca,11,14.53,75.39,89.81,2400,1300000,5.5353,-73.3678
Boyaca,12,14.37,74.72,83.72,2400,1300000,5.5353,-73.3678
Boyaca,13,14.2,74.0,77.25,2400,1300000,5.5353,-73.3678
Boyaca,14,14.03,73.28,70.78,2400,1300000,5.5353,-73.3678
Boyaca,15,13.87,72.61,64.69,2400,1300000,5.5353,-73.3678
Boyaca,16,13.74,72.01,59.32,2400,1300000,5.5353,-73.3678
Boyaca,17,13.62,71.53,55.0,2400,1300000,5.5353,-73.3678
Boyaca,18,13.55,71.19,51.97,2400,1300000,5.5353,-73.3678
Boyaca,19,13.51,71.02,50.41,2400,1300000,5.5353,-73.3678
Boyaca,20,13.51,71.02,50.41,2400,1300000,5.5353,-73.3678
Boyaca,21,13.55,71.19,51.97,2400,1300000,5.5353,-73.3678
Boyaca,22,13.62,71.53,55.0,2400,1300000,5.5353,-73.3678
Boyaca,23,13.74,72.01,59.32,2400,1300000,5.5353,-73.3678
Boyaca,24,13.87,72.61,64.69,2400,1300000,5.5353,-73.3678
Boyaca,25,14.03,73.28,70.78,2400,1300000,5.5353,-73.3678
Boyaca,26,14.2,74.0,77.25,2400,1300000,5.5353,-73.3678
Boyaca,27,14.37,74.72,83.72,2400,1300000,5.5353,-73.3678
Boyaca,28,14.53,75.39,89.81,2400,1300000,5.5353,-73.3678
Boyaca,29,14.66,75.99,95.18,2400,1300000,5.5353,-73.3678
Boyaca,30,14.78,76.47,99.5,2400,1300000,5.5353,-73.3678
Boyaca,31,14.85,76.81,102.53,2400,1300000,5.5353,-73.3678
Boyaca,32,14.89,76.98,104.09,2400,1300000,5.5353,-73.3678
Boyaca,33,14.89,76.98,104.09,2400,1300000,5.5353,-73.3678
Boyaca,34,14.85,76.81,102.53,2400,1300000,5.5353,-73.3678
Boyaca,35,14.78,76.47,99.5,2400,1300000,5.5353,-73.3678
Boyaca,36,14.66,75.99,95.18,2400,1300000,5.5353,-73.3678
Boyaca,37,14.53,75.39,89.81,2400,1300000,5.5353,-73.3678
Boyaca,38,14.37,74.72,83.72,2400,1300000,5.5353,-73.3678
Boyaca,39,14.2,74.0,77.25,2400,1300000,5.5353,-73.3678
Boyaca,40,14.03,73.28,70.78,2400,1300000,5.5353,-73.3678
Boyaca,41,13.87,72.61,64.69,2400,1300000,5.5353,-73.3678
Boyaca,42,13.74,72.01,59.32,2400,1300000,5.5353,-73.3678
Boyaca,43,13.62,71.53,55.0,2400,1300000,5.5353,-73.3678
Boyaca,44,13.55,71.19,51.97,2400,1300000,5.5353,-73.3678
Boyaca,45,13.51,71.02,50.41,2400,1300000,5.5353,-73.3678
Boyaca,46,13.51,71.02,50.41,2400,1300000,5.5353,-73.3678
Boyaca,47,13.55,71.19,51.97,2400,1300000,5.5353,-73.3678
Boyaca,48,13.62,71.53,55.0,2400,1300000,5.5353,-73.3678
Boyaca,49,13.74,72.01,59.32,2400,1300000,5.5353,-73.3678
Boyaca,50,13.87,72.61,64.69,2400,1300000,5.5353,-73.3678
Boyaca,51,14.03,73.28,70.78,2400,1300000,5.5353,-73.3678
Boyaca,52,14.2,74.0,77.25,2400,1300000,5.5353,-73.3678
Santander,1,25.87,72.72,122.79,950,2300000,7.1193,-73.1222
Santander,2,26.03,73.39,131.73,950,2300000,7.1193,-73.1222
Santander,3,26.16,73.99,139.6,950,2300000,7.1193,-73.1222
Santander,4,26.28,74.47,145.94,950,2300000,7.1193,-73.1222
Santander,5,26.35,74.81,150.38,950,2300000,7.1193,-73.1222
Santander,6,26.39,74.98,152.67,950,2300000,7.1193,-73.1222
Santander,7,26.39,74.98,152.67,950,2300000,7.1193,-73.1222
Santander,8,26.35,74.81,150.38,950,2300000,7.1193,-73.1222
Santander,9,26.28,74.47,145.94,950,2300000,7.1193,-73.1222
Santander,10,26.16,73.99,139.6,950,2300000,7.1193,-73.1222
Santander,11,26.03,73.39,131.73,950,2300000,7.1193,-73.1222
Santander,12,25.87,72.72,122.79,950,2300000,7.1193,-73.1222
Santander,13,25.7,72.0,113.3,950,2300000,7.1193,-73.1222
Santander,14,25.53,71.28,103.81,950,2300000,7.1193,-73.1222
Santander,15,25.37,70.61,94.87,950,2300000,7.1193,-73.1222
Santander,16,25.24,70.01,87.0,950,2300000,7.1193,-73.1222
Santander,17,25.12,69.53,80.66,950,2300000,7.1193,-73.1222
Santander,18,25.05,69.19,76.22,950,2300000,7.1193,-73.1222
Santander,19,25.01,69.02,73.93,950,2300000,7.1193,-73.1222
Santander,20,25.01,69.02,73.93,950,2300000,7.1193,-73.1222
Santander,21,25.05,69.19,76.22,950,2300000,7.1193,-73.1222
Santander,22,25.12,69.53,80.66,950,2300000,7.1193,-73.1222
Santander,23,25.24,70.01,87.0,950,2300000,7.1193,-73.1222
Santander,24,25.37,70.61,94.87,950,2300000,7.1193,-73.1222
Santander,25,25.53,71.28,103.81,950,2300000,7.1193,-73.1222
Santander,26,25.7,72.0,113.3,950,2300000,7.1193,-73.1222
Santander,27,25.87,72.72,122.79,950,2300000,7.1193,-73.1222
Santander,28,26.03,73.39,131.73,950,2300000,7.1193,-73.1222
Santander,29,26.16,73.99,139.6,950,2300000,7.1193,-73.1222
Santander,30,26.28,74.47,145.94,950,2300000,7.1193,-73.1222
Santander,31,26.35,74.81,150.38,950,2300000,7.1193,-73.1222
Santander,32,26.39,74.98,152.67,950,2300000,7.1193,-73.1222
Santander,33,26.39,74.98,152.67,950,2300000,7.1193,-73.1222
Santander,34,26.35,74.81,150.38,950,2300000,7.1193,-73.1222
Santander,35,26.28,74.47,145.94,950,2300000,7.1193,-73.1222
Santander,36,26.16,73.99,139.6,950,2300000,7.1193,-73.1222
Santander,37,26.03,73.39,131.73,950,2300000,7.1193,-73.1222
Santander,38,25.87,72.72,122.79,950,2300000,7.1193,-73.1222
Santander,39,25.7,72.0,113.3,950,2300000,7.1193,-73.1222
Santander,40,25.53,71.28,103.81,950,2300000,7.1193,-73.1222
Santander,41,25.37,70.61,94.87,950,2300000,7.1193,-73.1222
Santander,42,25.24,70.01,87.0,950,2300000,7.1193,-73.1222
Santander,43,25.12,69.53,80.66,950,2300000,7.1193,-73.1222
Santander,44,25.05,69.19,76.22,950,2300000,7.1193,-73.1222
Santander,45,25.01,69.02,73.93,950,2300000,7.1193,-73.1222
Santander,46,25.01,69.02,73.93,950,2300000,7.1193,-73.1222
Santander,47,25.05,69.19,76.22,950,2300000,7.1193,-73.1222
Santander,48,25.12,69.53,80.66,950,2300000,7.1193,-73.1222
Santander,49,25.24,70.01,87.0,950,2300000,7.1193,-73.1222
Santander,50,25.37,70.61,94.87,950,2300000,7.1193,-73.1222
Santander,51,25.53,71.28,103.81,950,2300000,7.1193,-73.1222
Santander,52,25.7,72.0,113.3,950,2300000,7.1193,-73.1222
Norte de Santander,1,26.87,70.72,100.46,400,1600000,7.8939,-72.5078
Norte de Santander,2,27.03,71.39,107.78,400,1600000,7.8939,-72.5078
Norte de Santander,3,27.16,71.99,114.22,400,1600000,7.8939,-72.5078
Norte de Santander,4,27.28,72.47,119.4,400,1600000,7.8939,-72.5078
Norte de Santander,5,27.35,72.81,123.04,400,1600000,7.8939,-72.5078
Norte de Santander,6,27.39,72.98,124.91,400,1600000,7.8939,-72.5078
Norte de Santander,7,27.39,72.98,124.91,400,1600000,7.8939,-72.5078
Norte de Santander,8,27.35,72.81,123.04,400,1600000,7.8939,-72.5078
Norte de Santander,9,27.28,72.47,119.4,400,1600000,7.8939,-72.5078
Norte de Santander,10,27.16,71.99,114.22,400,1600000,7.8939,-72.5078
Norte de Santander,11,27.03,71.39,107.78,400,1600000,7.8939,-72.5078
Norte de Santander,12,26.87,70.72,100.46,400,1600000,7.8939,-72.5078
Norte de Santander,13,26.7,70.0,92.7,400,1600000,7.8939,-72.5078
Norte de Santander,14,26.53,69.28,84.94,400,1600000,7.8939,-72.5078
Norte de Santander,15,26.37,68.61,77.62,400,1600000,7.8939,-72.5078
Norte de Santander,16,26.24,68.01,71.18,400,1600000,7.8939,-72.5078
Norte de Santander,17,26.12,67.53,66.0,400,1600000,7.8939,-72.5078
Norte de Santander,18,26.05,67.19,62.36,400,1600000,7.8939,-72.5078
Norte de Santander,19,26.01,67.02,60.49,400,1600000,7.8939,-72.5078
Norte de Santander,20,26.01,67.02,60.49,400,1600000,7.8939,-72.5078
Norte de Santander,21,26.05,67.19,62.36,400,1600000,7.8939,-72.5078
Norte de Santander,22,26.12,67.53,66.0,400,1600000,7.8939,-72.5078
Norte de Santander,23,26.24,68.01,71.18,400,1600000,7.8939,-72.5078
Norte de Santander,24,26.37,68.61,77.62,400,1600000,7.8939,-72.5078
Norte de Santander,25,26.53,69.28,84.94,400,1600000,7.8939,-72.5078
Norte de Santander,26,26.7,70.0,92.7,400,1600000,7.8939,-72.5078
Norte de Santander,27,26.87,70.72,100.46,400,1600000,7.8939,-72.5078
Norte de Santander,28,27.03,71.39,107.78,400,1600000,7.8939,-72.5078
Norte de Santander,29,27.16,71.99,114.22,400,1600000,7.8939,-72.5078
Norte de Santander,30,27.28,72.47,119.4,400,1600000,7.8939,-72.5078
Norte de Santander,31,27.35,72.81,123.04,400,1600000,7.8939,-72.5078
Norte de Santander,32,27.39,72.98,124.91,400,1600000,7.8939,-72.5078
Norte de Santander,33,27.39,72.98,124.91,400,1600000,7.8939,-72.5078
Norte de Santander,34,27.35,72.81,123.04,400,1600000,7.8939,-72.5078
Norte de Santander,35,27.28,72.47,119.4,400,1600000,7.8939,-72.5078
Norte de Santander,36,27.16,71.99,114.22,400,1600000,7.8939,-72.5078
Norte de Santander,37,27.03,71.39,107.78,400,1600000,7.8939,-72.5078
Norte de Santander,38,26.87,70.72,100.46,400,1600000,7.8939,-72.5078
Norte de Santander,39,26.7,70.0,92.7,400,1600000,7.8939,-72.5078
Norte de Santander,40,26.53,69.28,84.94,400,1600000,7.8939,-72.5078
Norte de Santander,41,26.37,68.61,77.62,400,1600000,7.8939,-72.5078
Norte de Santander,42,26.24,68.01,71.18,400,1600000,7.8939,-72.5078
Norte de Santander,43,26.12,67.53,66.0,400,1600000,7.8939,-72.5078
Norte de Santander,44,26.05,67.19,62.36,400,1600000,7.8939,-72.5078
Norte de Santander,45,26.01,67.02,60.49,400,1600000,7.8939,-72.5078
Norte de Santander,46,26.01,67.02,60.49,400,1600000,7.8939,-72.5078
Norte de Santander,47,26.05,67.19,62.36,400,1600000,7.8939,-72.5078
Norte de Santander,48,26.12,67.53,66.0,400,1600000,7.8939,-72.5078
Norte de Santander,49,26.24,68.01,71.18,400,1600000,7.8939,-72.5078
Norte de Santander,50,26.37,68.61,77.62,400,1600000,7.8939,-72.5078
Norte de Santander,51,26.53,69.28,84.94,400,1600000,7.8939,-72.5078
Norte de Santander,52,26.7,70.0,92.7,400,1600000,7.8939,-72.5078
Caldas,1,17.87,76.72,156.28,2150,1030000,5.0689,-75.5174
Caldas,2,18.03,77.39,167.65,2150,1030000,5.0689,-75.5174
Caldas,3,18.16,77.99,177.67,2150,1030000,5.0689,-75.5174
Caldas,4,18.28,78.47,185.74,2150,1030000,5.0689,-75.5174
Caldas,5,18.35,78.81,191.39,2150,1030000,5.0689,-75.5174
Caldas,6,18.39,78.98,194.3,2150,1030000,5.0689,-75.5174
Caldas,7,18.39,78.98,194.3,2150,1030000,5.0689,-75.5174
Caldas,8,18.35,78.81,191.39,2150,1030000,5.0689,-75.5174
Caldas,9,18.28,78.47,185.74,2150,1030000,5.0689,-75.5174
Caldas,10,18.16,77.99,177.67,2150,1030000,5.0689,-75.5174
Caldas,11,18.03,77.39,167.65,2150,1030000,5.0689,-75.5174
Caldas,12,17.87,76.72,156.28,2150,1030000,5.0689,-75.5174
Caldas,13,17.7,76.0,144.2,2150,1030000,5.0689,-75.5174
Caldas,14,17.53,75.28,132.12,2150,1030000,5.0689,-75.5174
Caldas,15,17.37,74.61,120.75,2150,1030000,5.0689,-75.5174
Caldas,16,17.24,74.01,110.73,2150,1030000,5.0689,-75.5174
Caldas,17,17.12,73.53,102.66,2150,1030000,5.0689,-75.5174
Caldas,18,17.05,73.19,97.01,2150,1030000,5.0689,-75.5174
Caldas,19,17.01,73.02,94.1,2150,1030000,5.0689,-75.5174
Caldas,20,17.01,73.02,94.1,2150,1030000,5.0689,-75.5174
Caldas,21,17.05,73.19,97.01,2150,1030000,5.0689,-75.5174
Caldas,22,17.12,73.53,102.66,2150,1030000,5.0689,-75.5174
Caldas,23,17.24,74.01,110.73,2150,1030000,5.0689,-75.5174
Caldas,24,17.37,74.61,120.75,2150,1030000,5.0689,-75.5174
Caldas,25,17.53,75.28,132.12,2150,1030000,5.0689,-75.5174
Caldas,26,17.7,76.0,144.2,2150,1030000,5.0689,-75.5174
Caldas,27,17.87,76.72,156.28,2150,1030000,5.0689,-75.5174
Caldas,28,18.03,77.39,167.65,2150,1030000,5.0689,-75.5174
Caldas,29,18.16,77.99,177.67,2150,1030000,5.0689,-75.5174
Caldas,30,18.28,78.47,185.74,2150,1030000,5.0689,-75.5174
Caldas,31,18.35,78.81,191.39,2150,1030000,5.0689,-75.5174
Caldas,32,18.39,78.98,194.3,2150,1030000,5.0689,-75.5174
Caldas,33,18.39,78.98,194.3,2150,1030000,5.0689,-75.5174
Caldas,34,18.35,78.81,191.39,2150,1030000,5.0689,-75.5174
Caldas,35,18.28,78.47,185.74,2150,1030000,5.0689,-75.5174
Caldas,36,18.16,77.99,177.67,2150,1030000,5.0689,-75.5174
Caldas,37,18.03,77.39,167.65,2150,1030000,5.0689,-75.5174
Caldas,38,17.87,76.72,156.28,2150,1030000,5.0689,-75.5174
Caldas,39,17.7,76.0,144.2,2150,1030000,5.0689,-75.5174
Caldas,40,17.53,75.28,132.12,2150,1030000,5.0689,-75.5174
Caldas,41,17.37,74.61,120.75,2150,1030000,5.0689,-75.5174
Caldas,42,17.24,74.01,110.73,2150,1030000,5.0689,-75.5174
Caldas,43,17.12,73.53,102.66,2150,1030000,5.0689,-75.5174
Caldas,44,17.05,73.19,97.01,2150,1030000,5.0689,-75.5174
Caldas,45,17.01,73.02,94.1,2150,1030000,5.0689,-75.5174
Caldas,46,17.01,73.02,94.1,2150,1030000,5.0689,-75.5174
Caldas,47,17.05,73.19,97.01,2150,1030000,5.0689,-75.5174
Caldas,48,17.12,73.53,102.66,2150,1030000,5.0689,-75.5174
Caldas,49,17.24,74.01,110.73,2150,1030000,5.0689,-75.5174
Caldas,50,17.37,74.61,120.75,2150,1030000,5.0689,-75.5174
Caldas,51,17.53,75.28,132.12,2150,1030000,5.0689,-75.5174
Caldas,52,17.7,76.0,144.2,2150,1030000,5.0689,-75.5174
Risaralda,1,21.87,77.72,167.44,1411,980000,4.8133,-75.6961
Risaralda,2,22.03,78.39,179.63,1411,980000,4.8133,-75.6961
Risaralda,3,22.16,78.99,190.36,1411,980000,4.8133,-75.6961
Risaralda,4,22.28,79.47,199.0,1411,980000,4.8133,-75.6961
Risaralda,5,22.35,79.81,205.06,1411,980000,4.8133,-75.6961
Risaralda,6,22.39,79.98,208.18,1411,980000,4.8133,-75.6961
Risaralda,7,22.39,79.98,208.18,1411,980000,4.8133,-75.6961
Risaralda,8,22.35,79.81,205.06,1411,980000,4.8133,-75.6961
Risaralda,9,22.28,79.47,199.0,1411,980000,4.8133,-75.6961
Risaralda,10,22.16,78.99,190.36,1411,980000,4.8133,-75.6961
Risaralda,11,22.03,78.39,179.63,1411,980000,4.8133,-75.6961
Risaralda,12,21.87,77.72,167.44,1411,980000,4.8133,-75.6961
Risaralda,13,21.7,77.0,154.5,1411,980000,4.8133,-75.6961
Risaralda,14,21.53,76.28,141.56,1411,980000,4.8133,-75.6961
Risaralda,15,21.37,75.61,129.37,1411,980000,4.8133,-75.6961
Risaralda,16,21.24,75.01,118.64,1411,980000,4.8133,-75.6961
Risaralda,17,21.12,74.53,110.0,1411,980000,4.8133,-75.6961
Risaralda,18,21.05,74.19,103.94,1411,980000,4.8133,-75.6961
Risaralda,19,21.01,74.02,100.82,1411,980000,4.8133,-75.6961
Risaralda,20,21.01,74.02,100.82,1411,980000,4.8133,-75.6961
Risaralda,21,21.05,74.19,103.94,1411,980000,4.8133,-75.6961
Risaralda,22,21.12,74.53,110.0,1411,980000,4.8133,-75.6961
Risaralda,23,21.24,75.01,118.64,1411,980000,4.8133,-75.6961
Risaralda,24,21.37,75.61,129.37,1411,980000,4.8133,-75.6961
Risaralda,25,21.53,76.28,141.56,1411,980000,4.8133,-75.6961
Risaralda,26,21.7,77.0,154.5,1411,980000,4.8133,-75.6961
Risaralda,27,21.87,77.72,167.44,1411,980000,4.8133,-75.6961
Risaralda,28,22.03,78.39,179.63,1411,980000,4.8133,-75.6961
Risaralda,29,22.16,78.99,190.36,1411,980000,4.8133,-75.6961
Risaralda,30,22.28,79.47,199.0,1411,980000,4.8133,-75.6961
Risaralda,31,22.35,79.81,205.06,1411,980000,4.8133,-75.6961
Risaralda,32,22.39,79.98,208.18,1411,980000,4.8133,-75.6961
Risaralda,33,22.39,79.98,208.18,1411,980000,4.8133,-75.6961
Risaralda,34,22.35,79.81,205.06,1411,980000,4.8133,-75.6961
Risaralda,35,22.28,79.47,199.0,1411,980000,4.8133,-75.6961
Risaralda,36,22.16,78.99,190.36,1411,980000,4.8133,-75.6961
Risaralda,37,22.03,78.39,179.63,1411,980000,4.8133,-75.6961
Risaralda,38,21.87,77.72,167.44,1411,980000,4.8133,-75.6961
Risaralda,39,21.7,77.0,154.5,1411,980000,4.8133,-75.6961
Risaralda,40,21.53,76.28,141.56,1411,980000,4.8133,-75.6961
Risaralda,41,21.37,75.61,129.37,1411,980000,4.8133,-75.6961
Risaralda,42,21.24,75.01,118.64,1411,980000,4.8133,-75.6961
Risaralda,43,21.12,74.53,110.0,1411,980000,4.8133,-75.6961
Risaralda,44,21.05,74.19,103.94,1411,980000,4.8133,-75.6961
Risaralda,45,21.01,74.02,100.82,1411,980000,4.8133,-75.6961
Risaralda,46,21.01,74.02,100.82,1411,980000,4.8133,-75.6961
Risaralda,47,21.05,74.19,103.94,1411,980000,4.8133,-75.6961
Risaralda,48,21.12,74.53,110.0,1411,980000,4.8133,-75.6961
Risaralda,49,21.24,75.01,118.64,1411,980000,4.8133,-75.6961
Risaralda,50,21.37,75.61,129.37,1411,980000,4.8133,-75.6961
Risaralda,51,21.53,76.28,141.56,1411,980000,4.8133,-75.6961
Risaralda,52,21.7,77.0,154.5,1411,980000,4.8133,-75.6961
Quindio,1,21.37,76.72,178.6,1480,560000,4.5339,-75.6811
Quindio,2,21.53,77.39,191.61,1480,560000,4.5339,-75.6811
Quindio,3,21.66,77.99,203.05,1480,560000,4.5339,-75.6811
Quindio,4,21.78,78.47,212.27,1480,560000,4.5339,-75.6811
Quindio,5,21.85,78.81,218.73,1480,560000,4.5339,-75.6811
Quindio,6,21.89,78.98,222.06,1480,560000,4.5339,-75.6811
Quindio,7,21.89,78.98,222.06,1480,560000,4.5339,-75.6811
Quindio,8,21.85,78.81,218.73,1480,560000,4.5339,-75.6811
Quindio,9,21.78,78.47,212.27,1480,560000,4.5339,-75.6811
Quindio,10,21.66,77.99,203.05,1480,560000,4.5339,-75.6811
Quindio,11,21.53,77.39,191.61,1480,560000,4.5339,-75.6811
Quindio,12,21.37,76.72,178.6,1480,560000,4.5339,-75.6811
Quindio,13,21.2,76.0,164.8,1480,560000,4.5339,-75.6811
Quindio,14,21.03,75.28,151.0,1480,560000,4.5339,-75.6811
Quindio,15,20.87,74.61,137.99,1480,560000,4.5339,-75.6811
Quindio,16,20.74,74.01,126.55,1480,560000,4.5339,-75.6811
Quindio,17,20.62,73.53,117.33,1480,560000,4.5339,-75.6811
Quindio,18,20.55,73.19,110.87,1480,560000,4.5339,-75.6811
Quindio,19,20.51,73.02,107.54,1480,560000,4.5339,-75.6811
Quindio,20,20.51,73.02,107.54,1480,560000,4.5339,-75.6811
Quindio,21,20.55,73.19,110.87,1480,560000,4.5339,-75.6811
Quindio,22,20.62,73.53,117.33,1480,560000,4.5339,-75.6811
Quindio,23,20.74,74.01,126.55,1480,560000,4.5339,-75.6811
Quindio,24,20.87,74.61,137.99,1480,560000,4.5339,-75.6811
Quindio,25,21.03,75.28,151.0,1480,560000,4.5339,-75.6811
Quindio,26,21.2,76.0,164.8,1480,560000,4.5339,-75.6811
Quindio,27,21.37,76.72,178.6,1480,560000,4.5339,-75.6811
Quindio,28,21.53,77.39,191.61,1480,560000,4.5339,-75.6811
Quindio,29,21.66,77.99,203.05,1480,560000,4.5339,-75.6811
Quindio,30,21.78,78.47,212.27,1480,560000,4.5339,-75.6811
Quindio,31,21.85,78.81,218.73,1480,560000,4.5339,-75.6811
Quindio,32,21.89,78.98,222.06,1480,560000,4.5339,-75.6811
Quindio,33,21.89,78.98,222.06,1480,560000,4.5339,-75.6811
Quindio,34,21.85,78.81,218.73,1480,560000,4.5339,-75.6811
Quindio,35,21.78,78.47,212.27,1480,560000,4.5339,-75.6811
Quindio,36,21.66,77.99,203.05,1480,560000,4.5339,-75.6811
Quindio,37,21.53,77.39,191.61,1480,560000,4.5339,-75.6811
Quindio,38,21.37,76.72,178.6,1480,560000,4.5339,-75.6811
Quindio,39,21.2,76.0,164.8,1480,560000,4.5339,-75.6811
Quindio,40,21.03,75.28,151.0,1480,560000,4.5339,-75.6811
Quindio,41,20.87,74.61,137.99,1480,560000,4.5339,-75.6811
Quindio,42,20.74,74.01,126.55,1480,560000,4.5339,-75.6811
Quindio,43,20.62,73.53,117.33,1480,560000,4.5339,-75.6811
Quindio,44,20.55,73.19,110.87,1480,560000,4.5339,-75.6811
Quindio,45,20.51,73.02,107.54,1480,560000,4.5339,-75.6811
Quindio,46,20.51,73.02,107.54,1480,560000,4.5339,-75.6811
Quindio,47,20.55,73.19,110.87,1480,560000,4.5339,-75.6811
Quindio,48,20.62,73.53,117.33,1480,560000,4.5339,-75.6811
Quindio,49,20.74,74.01,126.55,1480,560000,4.5339,-75.6811
Quindio,50,20.87,74.61,137.99,1480,560000,4.5339,-75.6811
Quindio,51,21.03,75.28,151.0,1480,560000,4.5339,-75.6811
Quindio,52,21.2,76.0,164.8,1480,560000,4.5339,-75.6811
Tolima,1,24.87,71.72,128.37,1250,1340000,4.4389,-75.2322
Tolima,2,25.03,72.39,137.72,1250,1340000,4.4389,-75.2322
Tolima,3,25.16,72.99,145.94,1250,1340000,4.4389,-75.2322
Tolima,4,25.28,73.47,152.57,1250,1340000,4.4389,-75.2322
Tolima,5,25.35,73.81,157.21,1250,1340000,4.4389,-75.2322
Tolima,6,25.39,73.98,159.61,1250,1340000,4.4389,-75.2322
Tolima,7,25.39,73.98,159.61,1250,1340000,4.4389,-75.2322
Tolima,8,25.35,73.81,157.21,1250,1340000,4.4389,-75.2322
Tolima,9,25.28,73.47,152.57,1250,1340000,4.4389,-75.2322
Tolima,10,25.16,72.99,145.94,1250,1340000,4.4389,-75.2322
Tolima,11,25.03,72.39,137.72,1250,1340000,4.4389,-75.2322
Tolima,12,24.87,71.72,128.37,1250,1340000,4.4389,-75.2322
Tolima,13,24.7,71.0,118.45,1250,1340000,4.4389,-75.2322
Tolima,14,24.53,70.28,108.53,1250,1340000,4.4389,-75.2322
Tolima,15,24.37,69.61,99.18,1250,1340000,4.4389,-75.2322
Tolima,16,24.24,69.01,90.96,1250,1340000,4.4389,-75.2322
Tolima,17,24.12,68.53,84.33,1250,1340000,4.4389,-75.2322
Tolima,18,24.05,68.19,79.69,1250,1340000,4.4389,-75.2322
Tolima,19,24.01,68.02,77.29,1250,1340000,4.4389,-75.2322
Tolima,20,24.01,68.02,77.29,1250,1340000,4.4389,-75.2322
Tolima,21,24.05,68.19,79.69,1250,1340000,4.4389,-75.2322
Tolima,22,24.12,68.53,84.33,1250,1340000,4.4389,-75.2322
Tolima,23,24.24,69.01,90.96,1250,1340000,4.4389,-75.2322
Tolima,24,24.37,69.61,99.18,1250,1340000,4.4389,-75.2322
Tolima,25,24.53,70.28,108.53,1250,1340000,4.4389,-75.2322
Tolima,26,24.7,71.0,118.45,1250,1340000,4.4389,-75.2322
Tolima,27,24.87,71.72,128.37,1250,1340000,4.4389,-75.2322
Tolima,28,25.03,72.39,137.72,1250,1340000,4.4389,-75.2322
Tolima,29,25.16,72.99,145.94,1250,1340000,4.4389,-75.2322
Tolima,30,25.28,73.47,152.57,1250,1340000,4.4389,-75.2322
Tolima,31,25.35,73.81,157.21,1250,1340000,4.4389,-75.2322
Tolima,32,25.39,73.98,159.61,1250,1340000,4.4389,-75.2322
Tolima,33,25.39,73.98,159.61,1250,1340000,4.4389,-75.2322
Tolima,34,25.35,73.81,157.21,1250,1340000,4.4389,-75.2322
Tolima,35,25.28,73.47,152.57,1250,1340000,4.4389,-75.2322
Tolima,36,25.16,72.99,145.94,1250,1340000,4.4389,-75.2322
Tolima,37,25.03,72.39,137.72,1250,1340000,4.4389,-75.2322
Tolima,38,24.87,71.72,128.37,1250,1340000,4.4389,-75.2322
Tolima,39,24.7,71.0,118.45,1250,1340000,4.4389,-75.2322
Tolima,40,24.53,70.28,108.53,1250,1340000,4.4389,-75.2322
Tolima,41,24.37,69.61,99.18,1250,1340000,4.4389,-75.2322
Tolima,42,24.24,69.01,90.96,1250,1340000,4.4389,-75.2322
Tolima,43,24.12,68.53,84.33,1250,1340000,4.4389,-75.2322
Tolima,44,24.05,68.19,79.69,1250,1340000,4.4389,-75.2322
Tolima,45,24.01,68.02,77.29,1250,1340000,4.4389,-75.2322
Tolima,46,24.01,68.02,77.29,1250,1340000,4.4389,-75.2322
Tolima,47,24.05,68.19,79.69,1250,1340000,4.4389,-75.2322
Tolima,48,24.12,68.53,84.33,1250,1340000,4.4389,-75.2322
Tolima,49,24.24,69.01,90.96,1250,1340000,4.4389,-75.2322
Tolima,50,24.37,69.61,99.18,1250,1340000,4.4389,-75.2322
Tolima,51,24.53,70.28,108.53,1250,1340000,4.4389,-75.2322
Tolima,52,24.7,71.0,118.45,1250,1340000,4.4389,-75.2322
Huila,1,25.37,68.72,111.63,1100,1150000,2.9273,-75.2819
Huila,2,25.53,69.39,119.75,1100,1150000,2.9273,-75.2819
Huila,3,25.66,69.99,126.91,1100,1150000,2.9273,-75.2819
Huila,4,25.78,70.47,132.67,1100,1150000,2.9273,-75.2819
Huila,5,25.85,70.81,136.71,1100,1150000,2.9273,-75.2819
Huila,6,25.89,70.98,138.79,1100,1150000,2.9273,-75.2819
Huila,7,25.89,70.98,138.79,1100,1150000,2.9273,-75.2819
Huila,8,25.85,70.81,136.71,1100,1150000,2.9273,-75.2819
Huila,9,25.78,70.47,132.67,1100,1150000,2.9273,-75.2819
Huila,10,25.66,69.99,126.91,1100,1150000,2.9273,-75.2819
Huila,11,25.53,69.39,119.75,1100,1150000,2.9273,-75.2819
Huila,12,25.37,68.72,111.63,1100,1150000,2.9273,-75.2819
Huila,13,25.2,68.0,103.0,1100,1150000,2.9273,-75.2819
Huila,14,25.03,67.28,94.37,1100,1150000,2.9273,-75.2819
Huila,15,24.87,66.61,86.25,1100,1150000,2.9273,-75.2819
Huila,16,24.74,66.01,79.09,1100,1150000,2.9273,-75.2819
Huila,17,24.62,65.53,73.33,1100,1150000,2.9273,-75.2819
Huila,18,24.55,65.19,69.29,1100,1150000,2.9273,-75.2819
Huila,19,24.51,65.02,67.21,1100,1150000,2.9273,-75.2819
Huila,20,24.51,65.02,67.21,1100,1150000,2.9273,-75.2819
Huila,21,24.55,65.19,69.29,1100,1150000,2.9273,-75.2819
Huila,22,24.62,65.53,73.33,1100,1150000,2.9273,-75.2819
Huila,23,24.74,66.01,79.09,1100,1150000,2.9273,-75.2819
Huila,24,24.87,66.61,86.25,1100,1150000,2.9273,-75.2819
Huila,25,25.03,67.28,94.37,1100,1150000,2.9273,-75.2819
Huila,26,25.2,68.0,103.0,1100,1150000,2.9273,-75.2819
Huila,27,25.37,68.72,111.63,1100,1150000,2.9273,-75.2819
Huila,28,25.53,69.39,119.75,1100,1150000,2.9273,-75.2819
Huila,29,25.66,69.99,126.91,1100,1150000,2.9273,-75.2819
Huila,30,25.78,70.47,132.67,1100,1150000,2.9273,-75.2819
Huila,31,25.85,70.81,136.71,1100,1150000,2.9273,-75.2819
Huila,32,25.89,70.98,138.79,1100,1150000,2.9273,-75.2819
Huila,33,25.89,70.98,138.79,1100,1150000,2.9273,-75.2819
Huila,34,25.85,70.81,136.71,1100,1150000,2.9273,-75.2819
Huila,35,25.78,70.47,132.67,1100,1150000,2.9273,-75.2819
Huila,36,25.66,69.99,126.91,1100,1150000,2.9273,-75.2819
Huila,37,25.53,69.39,119.75,1100,1150000,2.9273,-75.2819
Huila,38,25.37,68.72,111.63,1100,1150000,2.9273,-75.2819
Huila,39,25.2,68.0,103.0,1100,1150000,2.9273,-75.2819
Huila,40,25.03,67.28,94.37,1100,1150000,2.9273,-75.2819
Huila,41,24.87,66.61,86.25,1100,1150000,2.9273,-75.2819
Huila,42,24.74,66.01,79.09,1100,1150000,2.9273,-75.2819
Huila,43,24.62,65.53,73.33,1100,1150000,2.9273,-75.2819
Huila,44,24.55,65.19,69.29,1100,1150000,2.9273,-75.2819
Huila,45,24.51,65.02,67.21,1100,1150000,2.9273,-75.2819
Huila,46,24.51,65.02,67.21,1100,1150000,2.9273,-75.2819
Huila,47,24.55,65.19,69.29,1100,1150000,2.9273,-75.2819
Huila,48,24.62,65.53,73.33,1100,1150000,2.9273,-75.2819
Huila,49,24.74,66.01,79.09,1100,1150000,2.9273,-75.2819
Huila,50,24.87,66.61,86.25,1100,1150000,2.9273,-75.2819
Huila,51,25.03,67.28,94.37,1100,1150000,2.9273,-75.2819
Huila,52,25.2,68.0,103.0,1100,1150000,2.9273,-75.2819
Valle del Cauca,1,24.37,75.72,133.95,1000,4600000,3.4516,-76.532
Valle del Cauca,2,24.53,76.39,143.7,1000,4600000,3.4516,-76.532
Valle del Cauca,3,24.66,76.99,152.29,1000,4600000,3.4516,-76.532
Valle del Cauca,4,24.78,77.47,159.2,1000,4600000,3.4516,-76.532
Valle del Cauca,5,24.85,77.81,164.05,1000,4600000,3.4516,-76.532
Valle del Cauca,6,24.89,77.98,166.54,1000,4600000,3.4516,-76.532
Valle del Cauca,7,24.89,77.98,166.54,1000,4600000,3.4516,-76.532
Valle del Cauca,8,24.85,77.81,164.05,1000,4600000,3.4516,-76.532
Valle del Cauca,9,24.78,77.47,159.2,1000,4600000,3.4516,-76.532
Valle del Cauca,10,24.66,76.99,152.29,1000,4600000,3.4516,-76.532
Valle del Cauca,11,24.53,76.39,143.7,1000,4600000,3.4516,-76.532
Valle del Cauca,12,24.37,75.72,133.95,1000,4600000,3.4516,-76.532
Valle del Cauca,13,24.2,75.0,123.6,1000,4600000,3.4516,-76.532
Valle del Cauca,14,24.03,74.28,113.25,1000,4600000,3.4516,-76.532
Valle del Cauca,15,23.87,73.61,103.5,1000,4600000,3.4516,-76.532
Valle del Cauca,16,23.74,73.01,94.91,1000,4600000,3.4516,-76.532
Valle del Cauca,17,23.62,72.53,88.0,1000,4600000,3.4516,-76.532
Valle del Cauca,18,23.55,72.19,83.15,1000,4600000,3.4516,-76.532
Valle del Cauca,19,23.51,72.02,80.66,1000,4600000,3.4516,-76.532
Valle del Cauca,20,23.51,72.02,80.66,1000,4600000,3.4516,-76.532
Valle del Cauca,21,23.55,72.19,83.15,1000,4600000,3.4516,-76.532
Valle del Cauca,22,23.62,72.53,88.0,1000,4600000,3.4516,-76.532
Valle del Cauca,23,23.74,73.01,94.91,1000,4600000,3.4516,-76.532
Valle del Cauca,24,23.87,73.61,103.5,1000,4600000,3.4516,-76.532
Valle del Cauca,25,24.03,74.28,113.25,1000,4600000,3.4516,-76.532
Valle del Cauca,26,24.2,75.0,123.6,1000,4600000,3.4516,-76.532
Valle del Cauca,27,24.37,75.72,133.95,1000,4600000,3.4516,-76.532
Valle del Cauca,28,24.53,76.39,143.7,1000,4600000,3.4516,-76.532
Valle del Cauca,29,24.66,76.99,152.29,1000,4600000,3.4516,-76.532
Valle del Cauca,30,24.78,77.47,159.2,1000,4600000,3.4516,-76.532
Valle del Cauca,31,24.85,77.81,164.05,1000,4600000,3.4516,-76.532
Valle del Cauca,32,24.89,77.98,166.54,1000,4600000,3.4516,-76.532
Valle del Cauca,33,24.89,77.98,166.54,1000,4600000,3.4516,-76.532
Valle del Cauca,34,24.85,77.81,164.05,1000,4600000,3.4516,-76.532
Valle del Cauca,35,24.78,77.47,159.2,1000,4600000,3.4516,-76.532
Valle del Cauca,36,24.66,76.99,152.29,1000,4600000,3.4516,-76.532
Valle del Cauca,37,24.53,76.39,143.7,1000,4600000,3.4516,-76.532
Valle del Cauca,38,24.37,75.72,133.95,1000,4600000,3.4516,-76.532
Valle del Cauca,39,24.2,75.0,123.6,1000,4600000,3.4516,-76.532
Valle del Cauca,40,24.03,74.28,113.25,1000,4600000,3.4516,-76.532
Valle del Cauca,41,23.87,73.61,103.5,1000,4600000,3.4516,-76.532
Valle del Cauca,42,23.74,73.01,94.91,1000,4600000,3.4516,-76.532
Valle del Cauca,43,23.62,72.53,88.0,1000,4600000,3.4516,-76.532
Valle del Cauca,44,23.55,72.19,83.15,1000,4600000,3.4516,-76.532
Valle del Cauca,45,23.51,72.02,80.66,1000,4600000,3.4516,-76.532
Valle del Cauca,46,23.51,72.02,80.66,1000,4600000,3.4516,-76.532
Valle del Cauca,47,23.55,72.19,83.15,1000,4600000,3.4516,-76.532
Valle del Cauca,48,23.62,72.53,88.0,1000,4600000,3.4516,-76.532
Valle del Cauca,49,23.74,73.01,94.91,1000,4600000,3.4516,-76.532
Valle del Cauca,50,23.87,73.61,103.5,1000,4600000,3.4516,-76.532
Valle del Cauca,51,24.03,74.28,113.25,1000,4600000,3.4516,-76.532
Valle del Cauca,52,24.2,75.0,123.6,1000,4600000,3.4516,-76.532
Cauca,1,19.87,76.72,150.7,1700,1500000,2.4419,-76.6063
Cauca,2,20.03,77.39,161.67,1700,1500000,2.4419,-76.6063
Cauca,3,20.16,77.99,171.32,1700,1500000,2.4419,-76.6063
Cauca,4,20.28,78.47,179.1,1700,1500000,2.4419,-76.6063
Cauca,5,20.35,78.81,184.55,1700,1500000,2.4419,-76.6063
Cauca,6,20.39,78.98,187.36,1700,1500000,2.4419,-76.6063
Cauca,7,20.39,78.98,187.36,1700,1500000,2.4419,-76.6063
Cauca,8,20.35,78.81,184.55,1700,1500000,2.4419,-76.6063
Cauca,9,20.28,78.47,179.1,1700,1500000,2.4419,-76.6063
Cauca,10,20.16,77.99,171.32,1700,1500000,2.4419,-76.6063
Cauca,11,20.03,77.39,161.67,1700,1500000,2.4419,-76.6063
Cauca,12,19.87,76.72,150.7,1700,1500000,2.4419,-76.6063
Cauca,13,19.7,76.0,139.05,1700,1500000,2.4419,-76.6063
Cauca,14,19.53,75.28,127.4,1700,1500000,2.4419,-76.6063
Cauca,15,19.37,74.61,116.43,1700,1500000,2.4419,-76.6063
Cauca,16,19.24,74.01,106.78,1700,1500000,2.4419,-76.6063
Cauca,17,19.12,73.53,99.0,1700,1500000,2.4419,-76.6063
Cauca,18,19.05,73.19,93.55,1700,1500000,2.4419,-76.6063
Cauca,19,19.01,73.02,90.74,1700,1500000,2.4419,-76.6063
Cauca,20,19.01,73.02,90.74,1700,1500000,2.4419,-76.6063
Cauca,21,19.05,73.19,93.55,1700,1500000,2.4419,-76.6063
Cauca,22,19.12,73.53,99.0,1700,1500000,2.4419,-76.6063
Cauca,23,19.24,74.01,106.78,1700,1500000,2.4419,-76.6063
Cauca,24,19.37,74.61,116.43,1700,1500000,2.4419,-76.6063
Cauca,25,19.53,75.28,127.4,1700,1500000,2.4419,-76.6063
Cauca,26,19.7,76.0,139.05,1700,1500000,2.4419,-76.6063
Cauca,27,19.87,76.72,150.7,1700,1500000,2.4419,-76.6063
Cauca,28,20.03,77.39,161.67,1700,1500000,2.4419,-76.6063
Cauca,29,20.16,77.99,171.32,1700,1500000,2.4419,-76.6063
Cauca,30,20.28,78.47,179.1,1700,1500000,2.4419,-76.6063
Cauca,31,20.35,78.81,184.55,1700,1500000,2.4419,-76.6063
Cauca,32,20.39,78.98,187.36,1700,1500000,2.4419,-76.6063
Cauca,33,20.39,78.98,187.36,1700,1500000,2.4419,-76.6063
Cauca,34,20.35,78.81,184.55,1700,1500000,2.4419,-76.6063
Cauca,35,20.28,78.47,179.1,1700,1500000,2.4419,-76.6063
Cauca,36,20.16,77.99,171.32,1700,1500000,2.4419,-76.6063
Cauca,37,20.03,77.39,161.67,1700,1500000,2.4419,-76.6063
Cauca,38,19.87,76.72,150.7,1700,1500000,2.4419,-76.6063
Cauca,39,19.7,76.0,139.05,1700,1500000,2.4419,-76.6063
Cauca,40,19.53,75.28,127.4,1700,1500000,2.4419,-76.6063
Cauca,41,19.37,74.61,116.43,1700,1500000,2.4419,-76.6063
Cauca,42,19.24,74.01,106.78,1700,1500000,2.4419,-76.6063
Cauca,43,19.12,73.53,99.0,1700,1500000,2.4419,-76.6063
Cauca,44,19.05,73.19,93.55,1700,1500000,2.4419,-76.6063
Cauca,45,19.01,73.02,90.74,1700,1500000,2.4419,-76.6063
Cauca,46,19.01,73.02,90.74,1700,1500000,2.4419,-76.6063
Cauca,47,19.05,73.19,93.55,1700,1500000,2.4419,-76.6063
Cauca,48,19.12,73.53,99.0,1700,1500000,2.4419,-76.6063
Cauca,49,19.24,74.01,106.78,1700,1500000,2.4419,-76.6063
Cauca,50,19.37,74.61,116.43,1700,1500000,2.4419,-76.6063
Cauca,51,19.53,75.28,127.4,1700,1500000,2.4419,-76.6063
Cauca,52,19.7,76.0,139.05,1700,1500000,2.4419,-76.6063
Narino,1,13.37,75.72,94.88,2500,1630000,1.2136,-77.2811
Narino,2,13.53,76.39,101.79,2500,1630000,1.2136,-77.2811
Narino,3,13.66,76.99,107.87,2500,1630000,1.2136,-77.2811
Narino,4,13.78,77.47,112.77,2500,1630000,1.2136,-77.2811
Narino,5,13.85,77.81,116.2,2500,1630000,1.2136,-77.2811
Narino,6,13.89,77.98,117.97,2500,1630000,1.2136,-77.2811
Narino,7,13.89,77.98,117.97,2500,1630000,1.2136,-77.2811
Narino,8,13.85,77.81,116.2,2500,1630000,1.2136,-77.2811
Narino,9,13.78,77.47,112.77,2500,1630000,1.2136,-77.2811
Narino,10,13.66,76.99,107.87,2500,1630000,1.2136,-77.2811
Narino,11,13.53,76.39,101.79,2500,1630000,1.2136,-77.2811
Narino,12,13.37,75.72,94.88,2500,1630000,1.2136,-77.2811
Narino,13,13.2,75.0,87.55,2500,1630000,1.2136,-77.2811
Narino,14,13.03,74.28,80.22,2500,1630000,1.2136,-77.2811
Narino,15,12.87,73.61,73.31,2500,1630000,1.2136,-77.2811
Narino,16,12.74,73.01,67.23,2500,1630000,1.2136,-77.2811
Narino,17,12.62,72.53,62.33,2500,1630000,1.2136,-77.2811
Narino,18,12.55,72.19,58.9,2500,1630000,1.2136,-77.2811
Narino,19,12.51,72.02,57.13,2500,1630000,1.2136,-77.2811
Narino,20,12.51,72.02,57.13,2500,1630000,1.2136,-77.2811
Narino,21,12.55,72.19,58.9,2500,1630000,1.2136,-77.2811
Narino,22,12.62,72.53,62.33,2500,1630000,1.2136,-77.2811
Narino,23,12.74,73.01,67.23,2500,1630000,1.2136,-77.2811
Narino,24,12.87,73.61,73.31,2500,1630000,1.2136,-77.2811
Narino,25,13.03,74.28,80.22,2500,1630000,1.2136,-77.2811
Narino,26,13.2,75.0,87.55,2500,1630000,1.2136,-77.2811
Narino,27,13.37,75.72,94.88,2500,1630000,1.2136,-77.2811
Narino,28,13.53,76.39,101.79,2500,1630000,1.2136,-77.2811
Narino,29,13.66,76.99,107.87,2500,1630000,1.2136,-77.2811
Narino,30,13.78,77.47,112.77,2500,1630000,1.2136,-77.2811
Narino,31,13.85,77.81,116.2,2500,1630000,1.2136,-77.2811
Narino,32,13.89,77.98,117.97,2500,1630000,1.2136,-77.2811
Narino,33,13.89,77.98,117.97,2500,1630000,1.2136,-77.2811
Narino,34,13.85,77.81,116.2,2500,1630000,1.2136,-77.2811
Narino,35,13.78,77.47,112.77,2500,1630000,1.2136,-77.2811
Narino,36,13.66,76.99,107.87,2500,1630000,1.2136,-77.2811
Narino,37,13.53,76.39,101.79,2500,1630000,1.2136,-77.2811
Narino,38,13.37,75.72,94.88,2500,1630000,1.2136,-77.2811
Narino,39,13.2,75.0,87.55,2500,1630000,1.2136,-77.2811
Narino,40,13.03,74.28,80.22,2500,1630000,1.2136,-77.2811
Narino,41,12.87,73.61,73.31,2500,1630000,1.2136,-77.2811
Narino,42,12.74,73.01,67.23,2500,1630000,1.2136,-77.2811
Narino,43,12.62,72.53,62.33,2500,1630000,1.2136,-77.2811
Narino,44,12.55,72.19,58.9,2500,1630000,1.2136,-77.2811
Narino,45,12.51,72.02,57.13,2500,1630000,1.2136,-77.2811
Narino,46,12.51,72.02,57.13,2500,1630000,1.2136,-77.2811
Narino,47,12.55,72.19,58.9,2500,1630000,1.2136,-77.2811
Narino,48,12.62,72.53,62.33,2500,1630000,1.2136,-77.2811
Narino,49,12.74,73.01,67.23,2500,1630000,1.2136,-77.2811
Narino,50,12.87,73.61,73.31,2500,1630000,1.2136,-77.2811
Narino,51,13.03,74.28,80.22,2500,1630000,1.2136,-77.2811
Narino,52,13.2,75.0,87.55,2500,1630000,1.2136,-77.2811
Choco,1,26.87,89.72,424.18,43,540000,5.6919,-76.6583
Choco,2,27.03,90.39,455.06,43,540000,5.6919,-76.6583
Choco,3,27.16,90.99,482.24,43,540000,5.6919,-76.6583
Choco,4,27.28,91.47,504.14,43,540000,5.6919,-76.6583
Choco,5,27.35,91.81,519.49,43,540000,5.6919,-76.6583
Choco,6,27.39,91.98,527.39,43,540000,5.6919,-76.6583
Choco,7,27.39,91.98,527.39,43,540000,5.6919,-76.6583
Choco,8,27.35,91.81,519.49,43,540000,5.6919,-76.6583
Choco,9,27.28,91.47,504.14,43,540000,5.6919,-76.6583
Choco,10,27.16,90.99,482.24,43,540000,5.6919,-76.6583
Choco,11,27.03,90.39,455.06,43,540000,5.6919,-76.6583
Choco,12,26.87,89.72,424.18,43,540000,5.6919,-76.6583
Choco,13,26.7,89.0,391.4,43,540000,5.6919,-76.6583
Choco,14,26.53,88.28,358.62,43,540000,5.6919,-76.6583
Choco,15,26.37,87.61,327.74,43,540000,5.6919,-76.6583
Choco,16,26.24,87.01,300.56,43,540000,5.6919,-76.6583
Choco,17,26.12,86.53,278.66,43,540000,5.6919,-76.6583
Choco,18,26.05,86.19,263.31,43,540000,5.6919,-76.6583
Choco,19,26.01,86.02,255.41,43,540000,5.6919,-76.6583
Choco,20,26.01,86.02,255.41,43,540000,5.6919,-76.6583
Choco,21,26.05,86.19,263.31,43,540000,5.6919,-76.6583
Choco,22,26.12,86.53,278.66,43,540000,5.6919,-76.6583
Choco,23,26.24,87.01,300.56,43,540000,5.6919,-76.6583
Choco,24,26.37,87.61,327.74,43,540000,5.6919,-76.6583
Choco,25,26.53,88.28,358.62,43,540000,5.6919,-76.6583
Choco,26,26.7,89.0,391.4,43,540000,5.6919,-76.6583
Choco,27,26.87,89.72,424.18,43,540000,5.6919,-76.6583
Choco,28,27.03,90.39,455.06,43,540000,5.6919,-76.6583
Choco,29,27.16,90.99,482.24,43,540000,5.6919,-76.6583
Choco,30,27.28,91.47,504.14,43,540000,5.6919,-76.6583
Choco,31,27.35,91.81,519.49,43,540000,5.6919,-76.6583
Choco,32,27.39,91.98,527.39,43,540000,5.6919,-76.6583
Choco,33,27.39,91.98,527.39,43,540000,5.6919,-76.6583
Choco,34,27.35,91.81,519.49,43,540000,5.6919,-76.6583
Choco,35,27.28,91.47,504.14,43,540000,5.6919,-76.6583
Choco,36,27.16,90.99,482.24,43,540000,5.6919,-76.6583
Choco,37,27.03,90.39,455.06,43,540000,5.6919,-76.6583
Choco,38,26.87,89.72,424.18,43,540000,5.6919,-76.6583
Choco,39,26.7,89.0,391.4,43,540000,5.6919,-76.6583
Choco,40,26.53,88.28,358.62,43,540000,5.6919,-76.6583
Choco,41,26.37,87.61,327.74,43,540000,5.6919,-76.6583
Choco,42,26.24,87.01,300.56,43,540000,5.6919,-76.6583
Choco,43,26.12,86.53,278.66,43,540000,5.6919,-76.6583
Choco,44,26.05,86.19,263.31,43,540000,5.6919,-76.6583
Choco,45,26.01,86.02,255.41,43,540000,5.6919,-76.6583
Choco,46,26.01,86.02,255.41,43,540000,5.6919,-76.6583
Choco,47,26.05,86.19,263.31,43,540000,5.6919,-76.6583
Choco,48,26.12,86.53,278.66,43,540000,5.6919,-76.6583
Choco,49,26.24,87.01,300.56,43,540000,5.6919,-76.6583
Choco,50,26.37,87.61,327.74,43,540000,5.6919,-76.6583
Choco,51,26.53,88.28,358.62,43,540000,5.6919,-76.6583
Choco,52,26.7,89.0,391.4,43,540000,5.6919,-76.6583
La Guajira,1,30.17,64.72,33.49,5,1020000,11.5444,-72.9069
La Guajira,2,30.33,65.39,35.93,5,1020000,11.5444,-72.9069
La Guajira,3,30.46,65.99,38.07,5,1020000,11.5444,-72.9069
La Guajira,4,30.58,66.47,39.8,5,1020000,11.5444,-72.9069
La Guajira,5,30.65,66.81,41.01,5,1020000,11.5444,-72.9069
La Guajira,6,30.69,66.98,41.64,5,1020000,11.5444,-72.9069
La Guajira,7,30.69,66.98,41.64,5,1020000,11.5444,-72.9069
La Guajira,8,30.65,66.81,41.01,5,1020000,11.5444,-72.9069
La Guajira,9,30.58,66.47,39.8,5,1020000,11.5444,-72.9069
La Guajira,10,30.46,65.99,38.07,5,1020000,11.5444,-72.9069
La Guajira,11,30.33,65.39,35.93,5,1020000,11.5444,-72.9069
La Guajira,12,30.17,64.72,33.49,5,1020000,11.5444,-72.9069
La Guajira,13,30.0,64.0,30.9,5,1020000,11.5444,-72.9069
La Guajira,14,29.83,63.28,28.31,5,1020000,11.5444,-72.9069
La Guajira,15,29.67,62.61,25.87,5,1020000,11.5444,-72.9069
La Guajira,16,29.54,62.01,23.73,5,1020000,11.5444,-72.9069
La Guajira,17,29.42,61.53,22.0,5,1020000,11.5444,-72.9069
La Guajira,18,29.35,61.19,20.79,5,1020000,11.5444,-72.9069
La Guajira,19,29.31,61.02,20.16,5,1020000,11.5444,-72.9069
La Guajira,20,29.31,61.02,20.16,5,1020000,11.5444,-72.9069
La Guajira,21,29.35,61.19,20.79,5,1020000,11.5444,-72.9069
La Guajira,22,29.42,61.53,22.0,5,1020000,11.5444,-72.9069
La Guajira,23,29.54,62.01,23.73,5,1020000,11.5444,-72.9069
La Guajira,24,29.67,62.61,25.87,5,1020000,11.5444,-72.9069
La Guajira,25,29.83,63.28,28.31,5,1020000,11.5444,-72.9069
La Guajira,26,30.0,64.0,30.9,5,1020000,11.5444,-72.9069
La Guajira,27,30.17,64.72,33.49,5,1020000,11.5444,-72.9069
La Guajira,28,30.33,65.39,35.93,5,1020000,11.5444,-72.9069
La Guajira,29,30.46,65.99,38.07,5,1020000,11.5444,-72.9069
La Guajira,30,30.58,66.47,39.8,5,1020000,11.5444,-72.9069
La Guajira,31,30.65,66.81,41.01,5,1020000,11.5444,-72.9069
La Guajira,32,30.69,66.98,41.64,5,1020000,11.5444,-72.9069
La Guajira,33,30.69,66.98,41.64,5,1020000,11.5444,-72.9069
La Guajira,34,30.65,66.81,41.01,5,1020000,11.5444,-72.9069
La Guajira,35,30.58,66.47,39.8,5,1020000,11.5444,-72.9069
La Guajira,36,30.46,65.99,38.07,5,1020000,11.5444,-72.9069
La Guajira,37,30.33,65.39,35.93,5,1020000,11.5444,-72.9069
La Guajira,38,30.17,64.72,33.49,5,1020000,11.5444,-72.9069
La Guajira,39,30.0,64.0,30.9,5,1020000,11.5444,-72.9069
La Guajira,40,29.83,63.28,28.31,5,1020000,11.5444,-72.9069
La Guajira,41,29.67,62.61,25.87,5,1020000,11.5444,-72.9069
La Guajira,42,29.54,62.01,23.73,5,1020000,11.5444,-72.9069
La Guajira,43,29.42,61.53,22.0,5,1020000,11.5444,-72.9069
La Guajira,44,29.35,61.19,20.79,5,1020000,11.5444,-72.9069
La Guajira,45,29.31,61.02,20.16,5,1020000,11.5444,-72.9069
La Guajira,46,29.31,61.02,20.16,5,1020000,11.5444,-72.9069
La Guajira,47,29.35,61.19,20.79,5,1020000,11.5444,-72.9069
La Guajira,48,29.42,61.53,22.0,5,1020000,11.5444,-72.9069
La Guajira,49,29.54,62.01,23.73,5,1020000,11.5444,-72.9069
La Guajira,50,29.67,62.61,25.87,5,1020000,11.5444,-72.9069
La Guajira,51,29.83,63.28,28.31,5,1020000,11.5444,-72.9069
La Guajira,52,30.0,64.0,30.9,5,1020000,11.5444,-72.9069
Magdalena,1,28.87,76.72,100.46,15,1450000,10.45,-74.2
Magdalena,2,29.03,77.39,107.78,15,1450000,10.45,-74.2
Magdalena,3,29.16,77.99,114.22,15,1450000,10.45,-74.2
Magdalena,4,29.28,78.47,119.4,15,1450000,10.45,-74.2
Magdalena,5,29.35,78.81,123.04,15,1450000,10.45,-74.2
Magdalena,6,29.39,78.98,124.91,15,1450000,10.45,-74.2
Magdalena,7,29.39,78.98,124.91,15,1450000,10.45,-74.2
Magdalena,8,29.35,78.81,123.04,15,1450000,10.45,-74.2
Magdalena,9,29.28,78.47,119.4,15,1450000,10.45,-74.2
Magdalena,10,29.16,77.99,114.22,15,1450000,10.45,-74.2
Magdalena,11,29.03,77.39,107.78,15,1450000,10.45,-74.2
Magdalena,12,28.87,76.72,100.46,15,1450000,10.45,-74.2
Magdalena,13,28.7,76.0,92.7,15,1450000,10.45,-74.2
Magdalena,14,28.53,75.28,84.94,15,1450000,10.45,-74.2
Magdalena,15,28.37,74.61,77.62,15,1450000,10.45,-74.2
Magdalena,16,28.24,74.01,71.18,15,1450000,10.45,-74.2
Magdalena,17,28.12,73.53,66.0,15,1450000,10.45,-74.2
Magdalena,18,28.05,73.19,62.36,15,1450000,10.45,-74.2
Magdalena,19,28.01,73.02,60.49,15,1450000,10.45,-74.2
Magdalena,20,28.01,73.02,60.49,15,1450000,10.45,-74.2
Magdalena,21,28.05,73.19,62.36,15,1450000,10.45,-74.2
Magdalena,22,28.12,73.53,66.0,15,1450000,10.45,-74.2
Magdalena,23,28.24,74.01,71.18,15,1450000,10.45,-74.2
Magdalena,24,28.37,74.61,77.62,15,1450000,10.45,-74.2
Magdalena,25,28.53,75.28,84.94,15,1450000,10.45,-74.2
Magdalena,26,28.7,76.0,92.7,15,1450000,10.45,-74.2
Magdalena,27,28.87,76.72,100.46,15,1450000,10.45,-74.2
Magdalena,28,29.03,77.39,107.78,15,1450000,10.45,-74.2
Magdalena,29,29.16,77.99,114.22,15,1450000,10.45,-74.2
Magdalena,30,29.28,78.47,119.4,15,1450000,10.45,-74.2
Magdalena,31,29.35,78.81,123.04,15,1450000,10.45,-74.2
Magdalena,32,29.39,78.98,124.91,15,1450000,10.45,-74.2
Magdalena,33,29.39,78.98,124.91,15,1450000,10.45,-74.2
Magdalena,34,29.35,78.81,123.04,15,1450000,10.45,-74.2
Magdalena,35,29.28,78.47,119.4,15,1450000,10.45,-74.2
Magdalena,36,29.16,77.99,114.22,15,1450000,10.45,-74.2
Magdalena,37,29.03,77.39,107.78,15,1450000,10.45,-74.2
Magdalena,38,28.87,76.72,100.46,15,1450000,10.45,-74.2
Magdalena,39,28.7,76.0,92.7,15,1450000,10.45,-74.2
Magdalena,40,28.53,75.28,84.94,15,1450000,10.45,-74.2
Magdalena,41,28.37,74.61,77.62,15,1450000,10.45,-74.2
Magdalena,42,28.24,74.01,71.18,15,1450000,10.45,-74.2
Magdalena,43,28.12,73.53,66.0,15,1450000,10.45,-74.2
Magdalena,44,28.05,73.19,62.36,15,1450000,10.45,-74.2
Magdalena,45,28.01,73.02,60.49,15,1450000,10.45,-74.2
Magdalena,46,28.01,73.02,60.49,15,1450000,10.45,-74.2
Magdalena,47,28.05,73.19,62.36,15,1450000,10.45,-74.2
Magdalena,48,28.12,73.53,66.0,15,1450000,10.45,-74.2
Magdalena,49,28.24,74.01,71.18,15,1450000,10.45,-74.2
Magdalena,50,28.37,74.61,77.62,15,1450000,10.45,-74.2
Magdalena,51,28.53,75.28,84.94,15,1450000,10.45,-74.2
Magdalena,52,28.7,76.0,92.7,15,1450000,10.45,-74.2
Cesar,1,29.17,69.72,117.21,160,1350000,9.5,-73.5
Cesar,2,29.33,70.39,125.74,160,1350000,9.5,-73.5
Cesar,3,29.46,70.99,133.25,160,1350000,9.5,-73.5
Cesar,4,29.58,71.47,139.3,160,1350000,9.5,-73.5
Cesar,5,29.65,71.81,143.54,160,1350000,9.5,-73.5
Cesar,6,29.69,71.98,145.73,160,1350000,9.5,-73.5
Cesar,7,29.69,71.98,145.73,160,1350000,9.5,-73.5
Cesar,8,29.65,71.81,143.54,160,1350000,9.5,-73.5
Cesar,9,29.58,71.47,139.3,160,1350000,9.5,-73.5
Cesar,10,29.46,70.99,133.25,160,1350000,9.5,-73.5
Cesar,11,29.33,70.39,125.74,160,1350000,9.5,-73.5
Cesar,12,29.17,69.72,117.21,160,1350000,9.5,-73.5
Cesar,13,29.0,69.0,108.15,160,1350000,9.5,-73.5
Cesar,14,28.83,68.28,99.09,160,1350000,9.5,-73.5
Cesar,15,28.67,67.61,90.56,160,1350000,9.5,-73.5
Cesar,16,28.54,67.01,83.05,160,1350000,9.5,-73.5
Cesar,17,28.42,66.53,77.0,160,1350000,9.5,-73.5
Cesar,18,28.35,66.19,72.76,160,1350000,9.5,-73.5
Cesar,19,28.31,66.02,70.57,160,1350000,9.5,-73.5
Cesar,20,28.31,66.02,70.57,160,1350000,9.5,-73.5
Cesar,21,28.35,66.19,72.76,160,1350000,9.5,-73.5
Cesar,22,28.42,66.53,77.0,160,1350000,9.5,-73.5
Cesar,23,28.54,67.01,83.05,160,1350000,9.5,-73.5
Cesar,24,28.67,67.61,90.56,160,1350000,9.5,-73.5
Cesar,25,28.83,68.28,99.09,160,1350000,9.5,-73.5
Cesar,26,29.0,69.0,108.15,160,1350000,9.5,-73.5
Cesar,27,29.17,69.72,117.21,160,1350000,9.5,-73.5
Cesar,28,29.33,70.39,125.74,160,1350000,9.5,-73.5
Cesar,29,29.46,70.99,133.25,160,1350000,9.5,-73.5
Cesar,30,29.58,71.47,139.3,160,1350000,9.5,-73.5
Cesar,31,29.65,71.81,143.54,160,1350000,9.5,-73.5
Cesar,32,29.69,71.98,145.73,160,1350000,9.5,-73.5
Cesar,33,29.69,71.98,145.73,160,1350000,9.5,-73.5
Cesar,34,29.65,71.81,143.54,160,1350000,9.5,-73.5
Cesar,35,29.58,71.47,139.3,160,1350000,9.5,-73.5
Cesar,36,29.46,70.99,133.25,160,1350000,9.5,-73.5
Cesar,37,29.33,70.39,125.74,160,1350000,9.5,-73.5
Cesar,38,29.17,69.72,117.21,160,1350000,9.5,-73.5
Cesar,39,29.0,69.0,108.15,160,1350000,9.5,-73.5
Cesar,40,28.83,68.28,99.09,160,1350000,9.5,-73.5
Cesar,41,28.67,67.61,90.56,160,1350000,9.5,-73.5
Cesar,42,28.54,67.01,83.05,160,1350000,9.5,-73.5
Cesar,43,28.42,66.53,77.0,160,1350000,9.5,-73.5
Cesar,44,28.35,66.19,72.76,160,1350000,9.5,-73.5
Cesar,45,28.31,66.02,70.57,160,1350000,9.5,-73.5
Cesar,46,28.31,66.02,70.57,160,1350000,9.5,-73.5
Cesar,47,28.35,66.19,72.76,160,1350000,9.5,-73.5
Cesar,48,28.42,66.53,77.0,160,1350000,9.5,-73.5
Cesar,49,28.54,67.01,83.05,160,1350000,9.5,-73.5
Cesar,50,28.67,67.61,90.56,160,1350000,9.5,-73.5
Cesar,51,28.83,68.28,99.09,160,1350000,9.5,-73.5
Cesar,52,29.0,69.0,108.15,160,1350000,9.5,-73.5
Atlantico,1,28.57,78.72,94.88,30,2700000,10.9639,-74.7964
Atlantico,2,28.73,79.39,101.79,30,2700000,10.9639,-74.7964
Atlantico,3,28.86,79.99,107.87,30,2700000,10.9639,-74.7964
Atlantico,4,28.98,80.47,112.77,30,2700000,10.9639,-74.7964
Atlantico,5,29.05,80.81,116.2,30,2700000,10.9639,-74.7964
Atlantico,6,29.09,80.98,117.97,30,2700000,10.9639,-74.7964
Atlantico,7,29.09,80.98,117.97,30,2700000,10.9639,-74.7964
Atlantico,8,29.05,80.81,116.2,30,2700000,10.9639,-74.7964
Atlantico,9,28.98,80.47,112.77,30,2700000,10.9639,-74.7964
Atlantico,10,28.86,79.99,107.87,30,2700000,10.9639,-74.7964
Atlantico,11,28.73,79.39,101.79,30,2700000,10.9639,-74.7964
Atlantico,12,28.57,78.72,94.88,30,2700000,10.9639,-74.7964
Atlantico,13,28.4,78.0,87.55,30,2700000,10.9639,-74.7964
Atlantico,14,28.23,77.28,80.22,30,2700000,10.9639,-74.7964
Atlantico,15,28.07,76.61,73.31,30,2700000,10.9639,-74.7964
Atlantico,16,27.94,76.01,67.23,30,2700000,10.9639,-74.7964
Atlantico,17,27.82,75.53,62.33,30,2700000,10.9639,-74.7964
Atlantico,18,27.75,75.19,58.9,30,2700000,10.9639,-74.7964
Atlantico,19,27.71,75.02,57.13,30,2700000,10.9639,-74.7964
Atlantico,20,27.71,75.02,57.13,30,2700000,10.9639,-74.7964
Atlantico,21,27.75,75.19,58.9,30,2700000,10.9639,-74.7964
Atlantico,22,27.82,75.53,62.33,30,2700000,10.9639,-74.7964
Atlantico,23,27.94,76.01,67.23,30,2700000,10.9639,-74.7964
Atlantico,24,28.07,76.61,73.31,30,2700000,10.9639,-74.7964
Atlantico,25,28.23,77.28,80.22,30,2700000,10.9639,-74.7964
Atlantico,26,28.4,78.0,87.55,30,2700000,10.9639,-74.7964
Atlantico,27,28.57,78.72,94.88,30,2700000,10.9639,-74.7964
Atlantico,28,28.73,79.39,101.79,30,2700000,10.9639,-74.7964
Atlantico,29,28.86,79.99,107.87,30,2700000,10.9639,-74.7964
Atlantico,30,28.98,80.47,112.77,30,2700000,10.9639,-74.7964
Atlantico,31,29.05,80.81,116.2,30,2700000,10.9639,-74.7964
Atlantico,32,29.09,80.98,117.97,30,2700000,10.9639,-74.7964
Atlantico,33,29.09,80.98,117.97,30,2700000,10.9639,-74.7964
Atlantico,34,29.05,80.81,116.2,30,2700000,10.9639,-74.7964
Atlantico,35,28.98,80.47,112.77,30,2700000,10.9639,-74.7964
Atlantico,36,28.86,79.99,107.87,30,2700000,10.9639,-74.7964
Atlantico,37,28.73,79.39,101.79,30,2700000,10.9639,-74.7964
Atlantico,38,28.57,78.72,94.88,30,2700000,10.9639,-74.7964
Atlantico,39,28.4,78.0,87.55,30,2700000,10.9639,-74.7964
Atlantico,40,28.23,77.28,80.22,30,2700000,10.9639,-74.7964
Atlantico,41,28.07,76.61,73.31,30,2700000,10.9639,-74.7964
Atlantico,42,27.94,76.01,67.23,30,2700000,10.9639,-74.7964
Atlantico,43,27.82,75.53,62.33,30,2700000,10.9639,-74.7964
Atlantico,44,27.75,75.19,58.9,30,2700000,10.9639,-74.7964
Atlantico,45,27.71,75.02,57.13,30,2700000,10.9639,-74.7964
Atlantico,46,27.71,75.02,57.13,30,2700000,10.9639,-74.7964
Atlantico,47,27.75,75.19,58.9,30,2700000,10.9639,-74.7964
Atlantico,48,27.82,75.53,62.33,30,2700000,10.9639,-74.7964
Atlantico,49,27.94,76.01,67.23,30,2700000,10.9639,-74.7964
Atlantico,50,28.07,76.61,73.31,30,2700000,10.9639,-74.7964
Atlantico,51,28.23,77.28,80.22,30,2700000,10.9639,-74.7964
Atlantico,52,28.4,78.0,87.55,30,2700000,10.9639,-74.7964
Bolivar,1,28.37,77.72,106.05,20,2200000,10.3997,-75.5144
Bolivar,2,28.53,78.39,113.77,20,2200000,10.3997,-75.5144
Bolivar,3,28.66,78.99,120.56,20,2200000,10.3997,-75.5144
Bolivar,4,28.78,79.47,126.04,20,2200000,10.3997,-75.5144
Bolivar,5,28.85,79.81,129.87,20,2200000,10.3997,-75.5144
Bolivar,6,28.89,79.98,131.85,20,2200000,10.3997,-75.5144
Bolivar,7,28.89,79.98,131.85,20,2200000,10.3997,-75.5144
Bolivar,8,28.85,79.81,129.87,20,2200000,10.3997,-75.5144
Bolivar,9,28.78,79.47,126.04,20,2200000,10.3997,-75.5144
Bolivar,10,28.66,78.99,120.56,20,2200000,10.3997,-75.5144
Bolivar,11,28.53,78.39,113.77,20,2200000,10.3997,-75.5144
Bolivar,12,28.37,77.72,106.05,20,2200000,10.3997,-75.5144
Bolivar,13,28.2,77.0,97.85,20,2200000,10.3997,-75.5144
Bolivar,14,28.03,76.28,89.65,20,2200000,10.3997,-75.5144
Bolivar,15,27.87,75.61,81.93,20,2200000,10.3997,-75.5144
Bolivar,16,27.74,75.01,75.14,20,2200000,10.3997,-75.5144
Bolivar,17,27.62,74.53,69.66,20,2200000,10.3997,-75.5144
Bolivar,18,27.55,74.19,65.83,20,2200000,10.3997,-75.5144
Bolivar,19,27.51,74.02,63.85,20,2200000,10.3997,-75.5144
Bolivar,20,27.51,74.02,63.85,20,2200000,10.3997,-75.5144
Bolivar,21,27.55,74.19,65.83,20,2200000,10.3997,-75.5144
Bolivar,22,27.62,74.53,69.66,20,2200000,10.3997,-75.5144
Bolivar,23,27.74,75.01,75.14,20,2200000,10.3997,-75.5144
Bolivar,24,27.87,75.61,81.93,20,2200000,10.3997,-75.5144
Bolivar,25,28.03,76.28,89.65,20,2200000,10.3997,-75.5144
Bolivar,26,28.2,77.0,97.85,20,2200000,10.3997,-75.5144
Bolivar,27,28.37,77.72,106.05,20,2200000,10.3997,-75.5144
Bolivar,28,28.53,78.39,113.77,20,2200000,10.3997,-75.5144
Bolivar,29,28.66,78.99,120.56,20,2200000,10.3997,-75.5144
Bolivar,30,28.78,79.47,126.04,20,2200000,10.3997,-75.5144
Bolivar,31,28.85,79.81,129.87,20,2200000,10.3997,-75.5144
Bolivar,32,28.89,79.98,131.85,20,2200000,10.3997,-75.5144
Bolivar,33,28.89,79.98,131.85,20,2200000,10.3997,-75.5144
Bolivar,34,28.85,79.81,129.87,20,2200000,10.3997,-75.5144
Bolivar,35,28.78,79.47,126.04,20,2200000,10.3997,-75.5144
Bolivar,36,28.66,78.99,120.56,20,2200000,10.3997,-75.5144
Bolivar,37,28.53,78.39,113.77,20,2200000,10.3997,-75.5144
Bolivar,38,28.37,77.72,106.05,20,2200000,10.3997,-75.5144
Bolivar,39,28.2,77.0,97.85,20,2200000,10.3997,-75.5144
Bolivar,40,28.03,76.28,89.65,20,2200000,10.3997,-75.5144
Bolivar,41,27.87,75.61,81.93,20,2200000,10.3997,-75.5144
Bolivar,42,27.74,75.01,75.14,20,2200000,10.3997,-75.5144
Bolivar,43,27.62,74.53,69.66,20,2200000,10.3997,-75.5144
Bolivar,44,27.55,74.19,65.83,20,2200000,10.3997,-75.5144
Bolivar,45,27.51,74.02,63.85,20,2200000,10.3997,-75.5144
Bolivar,46,27.51,74.02,63.85,20,2200000,10.3997,-75.5144
Bolivar,47,27.55,74.19,65.83,20,2200000,10.3997,-75.5144
Bolivar,48,27.62,74.53,69.66,20,2200000,10.3997,-75.5144
Bolivar,49,27.74,75.01,75.14,20,2200000,10.3997,-75.5144
Bolivar,50,27.87,75.61,81.93,20,2200000,10.3997,-75.5144
Bolivar,51,28.03,76.28,89.65,20,2200000,10.3997,-75.5144
Bolivar,52,28.2,77.0,97.85,20,2200000,10.3997,-75.5144
Sucre,1,28.17,76.72,122.79,125,950000,9.3047,-75.3978
Sucre,2,28.33,77.39,131.73,125,950000,9.3047,-75.3978
Sucre,3,28.46,77.99,139.6,125,950000,9.3047,-75.3978
Sucre,4,28.58,78.47,145.94,125,950000,9.3047,-75.3978
Sucre,5,28.65,78.81,150.38,125,950000,9.3047,-75.3978
Sucre,6,28.69,78.98,152.67,125,950000,9.3047,-75.3978
Sucre,7,28.69,78.98,152.67,125,950000,9.3047,-75.3978
Sucre,8,28.65,78.81,150.38,125,950000,9.3047,-75.3978
Sucre,9,28.58,78.47,145.94,125,950000,9.3047,-75.3978
Sucre,10,28.46,77.99,139.6,125,950000,9.3047,-75.3978
Sucre,11,28.33,77.39,131.73,125,950000,9.3047,-75.3978
Sucre,12,28.17,76.72,122.79,125,950000,9.3047,-75.3978
Sucre,13,28.0,76.0,113.3,125,950000,9.3047,-75.3978
Sucre,14,27.83,75.28,103.81,125,950000,9.3047,-75.3978
Sucre,15,27.67,74.61,94.87,125,950000,9.3047,-75.3978
Sucre,16,27.54,74.01,87.0,125,950000,9.3047,-75.3978
Sucre,17,27.42,73.53,80.66,125,950000,9.3047,-75.3978
Sucre,18,27.35,73.19,76.22,125,950000,9.3047,-75.3978
Sucre,19,27.31,73.02,73.93,125,950000,9.3047,-75.3978
Sucre,20,27.31,73.02,73.93,125,950000,9.3047,-75.3978
Sucre,21,27.35,73.19,76.22,125,950000,9.3047,-75.3978
Sucre,22,27.42,73.53,80.66,125,950000,9.3047,-75.3978
Sucre,23,27.54,74.01,87.0,125,950000,9.3047,-75.3978
Sucre,24,27.67,74.61,94.87,125,950000,9.3047,-75.3978
Sucre,25,27.83,75.28,103.81,125,950000,9.3047,-75.3978
Sucre,26,28.0,76.0,113.3,125,950000,9.3047,-75.3978
Sucre,27,28.17,76.72,122.79,125,950000,9.3047,-75.3978
Sucre,28,28.33,77.39,131.73,125,950000,9.3047,-75.3978
Sucre,29,28.46,77.99,139.6,125,950000,9.3047,-75.3978
Sucre,30,28.58,78.47,145.94,125,950000,9.3047,-75.3978
Sucre,31,28.65,78.81,150.38,125,950000,9.3047,-75.3978
Sucre,32,28.69,78.98,152.67,125,950000,9.3047,-75.3978
Sucre,33,28.69,78.98,152.67,125,950000,9.3047,-75.3978
Sucre,34,28.65,78.81,150.38,125,950000,9.3047,-75.3978
Sucre,35,28.58,78.47,145.94,125,950000,9.3047,-75.3978
Sucre,36,28.46,77.99,139.6,125,950000,9.3047,-75.3978
Sucre,37,28.33,77.39,131.73,125,950000,9.3047,-75.3978
Sucre,38,28.17,76.72,122.79,125,950000,9.3047,-75.3978
Sucre,39,28.0,76.0,113.3,125,950000,9.3047,-75.3978
Sucre,40,27.83,75.28,103.81,125,950000,9.3047,-75.3978
Sucre,41,27.67,74.61,94.87,125,950000,9.3047,-75.3978
Sucre,42,27.54,74.01,87.0,125,950000,9.3047,-75.3978
Sucre,43,27.42,73.53,80.66,125,950000,9.3047,-75.3978
Sucre,44,27.35,73.19,76.22,125,950000,9.3047,-75.3978
Sucre,45,27.31,73.02,73.93,125,950000,9.3047,-75.3978
Sucre,46,27.31,73.02,73.93,125,950000,9.3047,-75.3978
Sucre,47,27.35,73.19,76.22,125,950000,9.3047,-75.3978
Sucre,48,27.42,73.53,80.66,125,950000,9.3047,-75.3978
Sucre,49,27.54,74.01,87.0,125,950000,9.3047,-75.3978
Sucre,50,27.67,74.61,94.87,125,950000,9.3047,-75.3978
Sucre,51,27.83,75.28,103.81,125,950000,9.3047,-75.3978
Sucre,52,28.0,76.0,113.3,125,950000,9.3047,-75.3978
Cordoba,1,28.37,78.72,128.37,50,1820000,8.748,-75.8815
Cordoba,2,28.53,79.39,137.72,50,1820000,8.748,-75.8815
Cordoba,3,28.66,79.99,145.94,50,1820000,8.748,-75.8815
Cordoba,4,28.78,80.47,152.57,50,1820000,8.748,-75.8815
Cordoba,5,28.85,80.81,157.21,50,1820000,8.748,-75.8815
Cordoba,6,28.89,80.98,159.61,50,1820000,8.748,-75.8815
Cordoba,7,28.89,80.98,159.61,50,1820000,8.748,-75.8815
Cordoba,8,28.85,80.81,157.21,50,1820000,8.748,-75.8815
Cordoba,9,28.78,80.47,152.57,50,1820000,8.748,-75.8815
Cordoba,10,28.66,79.99,145.94,50,1820000,8.748,-75.8815
Cordoba,11,28.53,79.39,137.72,50,1820000,8.748,-75.8815
Cordoba,12,28.37,78.72,128.37,50,1820000,8.748,-75.8815
Cordoba,13,28.2,78.0,118.45,50,1820000,8.748,-75.8815
Cordoba,14,28.03,77.28,108.53,50,1820000,8.748,-75.8815
Cordoba,15,27.87,76.61,99.18,50,1820000,8.748,-75.8815
Cordoba,16,27.74,76.01,90.96,50,1820000,8.748,-75.8815
Cordoba,17,27.62,75.53,84.33,50,1820000,8.748,-75.8815
Cordoba,18,27.55,75.19,79.69,50,1820000,8.748,-75.8815
Cordoba,19,27.51,75.02,77.29,50,1820000,8.748,-75.8815
Cordoba,20,27.51,75.02,77.29,50,1820000,8.748,-75.8815
Cordoba,21,27.55,75.19,79.69,50,1820000,8.748,-75.8815
Cordoba,22,27.62,75.53,84.33,50,1820000,8.748,-75.8815
Cordoba,23,27.74,76.01,90.96,50,1820000,8.748,-75.8815
Cordoba,24,27.87,76.61,99.18,50,1820000,8.748,-75.8815
Cordoba,25,28.03,77.28,108.53,50,1820000,8.748,-75.8815
Cordoba,26,28.2,78.0,118.45,50,1820000,8.748,-75.8815
Cordoba,27,28.37,78.72,128.37,50,1820000,8.748,-75.8815
Cordoba,28,28.53,79.39,137.72,50,1820000,8.748,-75.8815
Cordoba,29,28.66,79.99,145.94,50,1820000,8.748,-75.8815
Cordoba,30,28.78,80.47,152.57,50,1820000,8.748,-75.8815
Cordoba,31,28.85,80.81,157.21,50,1820000,8.748,-75.8815
Cordoba,32,28.89,80.98,159.61,50,1820000,8.748,-75.8815
Cordoba,33,28.89,80.98,159.61,50,1820000,8.748,-75.8815
Cordoba,34,28.85,80.81,157.21,50,1820000,8.748,-75.8815
Cordoba,35,28.78,80.47,152.57,50,1820000,8.748,-75.8815
Cordoba,36,28.66,79.99,145.94,50,1820000,8.748,-75.8815
Cordoba,37,28.53,79.39,137.72,50,1820000,8.748,-75.8815
Cordoba,38,28.37,78.72,128.37,50,1820000,8.748,-75.8815
Cordoba,39,28.2,78.0,118.45,50,1820000,8.748,-75.8815
Cordoba,40,28.03,77.28,108.53,50,1820000,8.748,-75.8815
Cordoba,41,27.87,76.61,99.18,50,1820000,8.748,-75.8815
Cordoba,42,27.74,76.01,90.96,50,1820000,8.748,-75.8815
Cordoba,43,27.62,75.53,84.33,50,1820000,8.748,-75.8815
Cordoba,44,27.55,75.19,79.69,50,1820000,8.748,-75.8815
Cordoba,45,27.51,75.02,77.29,50,1820000,8.748,-75.8815
Cordoba,46,27.51,75.02,77.29,50,1820000,8.748,-75.8815
Cordoba,47,27.55,75.19,79.69,50,1820000,8.748,-75.8815
Cordoba,48,27.62,75.53,84.33,50,1820000,8.748,-75.8815
Cordoba,49,27.74,76.01,90.96,50,1820000,8.748,-75.8815
Cordoba,50,27.87,76.61,99.18,50,1820000,8.748,-75.8815
Cordoba,51,28.03,77.28,108.53,50,1820000,8.748,-75.8815
Cordoba,52,28.2,78.0,118.45,50,1820000,8.748,-75.8815
San Andres,1,27.87,80.72,156.28,5,65000,12.5847,-81.7006
San Andres,2,28.03,81.39,167.65,5,65000,12.5847,-81.7006
San Andres,3,28.16,81.99,177.67,5,65000,12.5847,-81.7006
San Andres,4,28.28,82.47,185.74,5,65000,12.5847,-81.7006
San Andres,5,28.35,82.81,191.39,5,65000,12.5847,-81.7006
San Andres,6,28.39,82.98,194.3,5,65000,12.5847,-81.7006
San Andres,7,28.39,82.98,194.3,5,65000,12.5847,-81.7006
San Andres,8,28.35,82.81,191.39,5,65000,12.5847,-81.7006
San Andres,9,28.28,82.47,185.74,5,65000,12.5847,-81.7006
San Andres,10,28.16,81.99,177.67,5,65000,12.5847,-81.7006
San Andres,11,28.03,81.39,167.65,5,65000,12.5847,-81.7006
San Andres,12,27.87,80.72,156.28,5,65000,12.5847,-81.7006
San Andres,13,27.7,80.0,144.2,5,65000,12.5847,-81.7006
San Andres,14,27.53,79.28,132.12,5,65000,12.5847,-81.7006
San Andres,15,27.37,78.61,120.75,5,65000,12.5847,-81.7006
San Andres,16,27.24,78.01,110.73,5,65000,12.5847,-81.7006
San Andres,17,27.12,77.53,102.66,5,65000,12.5847,-81.7006
San Andres,18,27.05,77.19,97.01,5,65000,12.5847,-81.7006
San Andres,19,27.01,77.02,94.1,5,65000,12.5847,-81.7006
San Andres,20,27.01,77.02,94.1,5,65000,12.5847,-81.7006
San Andres,21,27.05,77.19,97.01,5,65000,12.5847,-81.7006
San Andres,22,27.12,77.53,102.66,5,65000,12.5847,-81.7006
San Andres,23,27.24,78.01,110.73,5,65000,12.5847,-81.7006
San Andres,24,27.37,78.61,120.75,5,65000,12.5847,-81.7006
San Andres,25,27.53,79.28,132.12,5,65000,12.5847,-81.7006
San Andres,26,27.7,80.0,144.2,5,65000,12.5847,-81.7006
San Andres,27,27.87,80.72,156.28,5,65000,12.5847,-81.7006
San Andres,28,28.03,81.39,167.65,5,65000,12.5847,-81.7006
San Andres,29,28.16,81.99,177.67,5,65000,12.5847,-81.7006
San Andres,30,28.28,82.47,185.74,5,65000,12.5847,-81.7006
San Andres,31,28.35,82.81,191.39,5,65000,12.5847,-81.7006
San Andres,32,28.39,82.98,194.3,5,65000,12.5847,-81.7006
San Andres,33,28.39,82.98,194.3,5,65000,12.5847,-81.7006
San Andres,34,28.35,82.81,191.39,5,65000,12.5847,-81.7006
San Andres,35,28.28,82.47,185.74,5,65000,12.5847,-81.7006
San Andres,36,28.16,81.99,177.67,5,65000,12.5847,-81.7006
San Andres,37,28.03,81.39,167.65,5,65000,12.5847,-81.7006
San Andres,38,27.87,80.72,156.28,5,65000,12.5847,-81.7006
San Andres,39,27.7,80.0,144.2,5,65000,12.5847,-81.7006
San Andres,40,27.53,79.28,132.12,5,65000,12.5847,-81.7006
San Andres,41,27.37,78.61,120.75,5,65000,12.5847,-81.7006
San Andres,42,27.24,78.01,110.73,5,65000,12.5847,-81.7006
San Andres,43,27.12,77.53,102.66,5,65000,12.5847,-81.7006
San Andres,44,27.05,77.19,97.01,5,65000,12.5847,-81.7006
San Andres,45,27.01,77.02,94.1,5,65000,12.5847,-81.7006
San Andres,46,27.01,77.02,94.1,5,65000,12.5847,-81.7006
San Andres,47,27.05,77.19,97.01,5,65000,12.5847,-81.7006
San Andres,48,27.12,77.53,102.66,5,65000,12.5847,-81.7006
San Andres,49,27.24,78.01,110.73,5,65000,12.5847,-81.7006
San Andres,50,27.37,78.61,120.75,5,65000,12.5847,-81.7006
San Andres,51,27.53,79.28,132.12,5,65000,12.5847,-81.7006
San Andres,52,27.7,80.0,144.2,5,65000,12.5847,-81.7006
Meta,1,26.37,78.72,178.6,467,1150000,4.142,-73.6266
Meta,2,26.53,79.39,191.61,467,1150000,4.142,-73.6266
Meta,3,26.66,79.99,203.05,467,1150000,4.142,-73.6266
Meta,4,26.78,80.47,212.27,467,1150000,4.142,-73.6266
Meta,5,26.85,80.81,218.73,467,1150000,4.142,-73.6266
Meta,6,26.89,80.98,222.06,467,1150000,4.142,-73.6266
Meta,7,26.89,80.98,222.06,467,1150000,4.142,-73.6266
Meta,8,26.85,80.81,218.73,467,1150000,4.142,-73.6266
Meta,9,26.78,80.47,212.27,467,1150000,4.142,-73.6266
Meta,10,26.66,79.99,203.05,467,1150000,4.142,-73.6266
Meta,11,26.53,79.39,191.61,467,1150000,4.142,-73.6266
Meta,12,26.37,78.72,178.6,467,1150000,4.142,-73.6266
Meta,13,26.2,78.0,164.8,467,1150000,4.142,-73.6266
Meta,14,26.03,77.28,151.0,467,1150000,4.142,-73.6266
Meta,15,25.87,76.61,137.99,467,1150000,4.142,-73.6266
Meta,16,25.74,76.01,126.55,467,1150000,4.142,-73.6266
Meta,17,25.62,75.53,117.33,467,1150000,4.142,-73.6266
Meta,18,25.55,75.19,110.87,467,1150000,4.142,-73.6266
Meta,19,25.51,75.02,107.54,467,1150000,4.142,-73.6266
Meta,20,25.51,75.02,107.54,467,1150000,4.142,-73.6266
Meta,21,25.55,75.19,110.87,467,1150000,4.142,-73.6266
Meta,22,25.62,75.53,117.33,467,1150000,4.142,-73.6266
Meta,23,25.74,76.01,126.55,467,1150000,4.142,-73.6266
Meta,24,25.87,76.61,137.99,467,1150000,4.142,-73.6266
Meta,25,26.03,77.28,151.0,467,1150000,4.142,-73.6266
Meta,26,26.2,78.0,164.8,467,1150000,4.142,-73.6266
Meta,27,26.37,78.72,178.6,467,1150000,4.142,-73.6266
Meta,28,26.53,79.39,191.61,467,1150000,4.142,-73.6266
Meta,29,26.66,79.99,203.05,467,1150000,4.142,-73.6266
Meta,30,26.78,80.47,212.27,467,1150000,4.142,-73.6266
Meta,31,26.85,80.81,218.73,467,1150000,4.142,-73.6266
Meta,32,26.89,80.98,222.06,467,1150000,4.142,-73.6266
Meta,33,26.89,80.98,222.06,467,1150000,4.142,-73.6266
Meta,34,26.85,80.81,218.73,467,1150000,4.142,-73.6266
Meta,35,26.78,80.47,212.27,467,1150000,4.142,-73.6266
Meta,36,26.66,79.99,203.05,467,1150000,4.142,-73.6266
Meta,37,26.53,79.39,191.61,467,1150000,4.142,-73.6266
Meta,38,26.37,78.72,178.6,467,1150000,4.142,-73.6266
Meta,39,26.2,78.0,164.8,467,1150000,4.142,-73.6266
Meta,40,26.03,77.28,151.0,467,1150000,4.142,-73.6266
Meta,41,25.87,76.61,137.99,467,1150000,4.142,-73.6266
Meta,42,25.74,76.01,126.55,467,1150000,4.142,-73.6266
Meta,43,25.62,75.53,117.33,467,1150000,4.142,-73.6266
Meta,44,25.55,75.19,110.87,467,1150000,4.142,-73.6266
Meta,45,25.51,75.02,107.54,467,1150000,4.142,-73.6266
Meta,46,25.51,75.02,107.54,467,1150000,4.142,-73.6266
Meta,47,25.55,75.19,110.87,467,1150000,4.142,-73.6266
Meta,48,25.62,75.53,117.33,467,1150000,4.142,-73.6266
Meta,49,25.74,76.01,126.55,467,1150000,4.142,-73.6266
Meta,50,25.87,76.61,137.99,467,1150000,4.142,-73.6266
Meta,51,26.03,77.28,151.0,467,1150000,4.142,-73.6266
Meta,52,26.2,78.0,164.8,467,1150000,4.142,-73.6266
Arauca,1,27.87,79.72,167.44,125,300000,7.0847,-70.7591
Arauca,2,28.03,80.39,179.63,125,300000,7.0847,-70.7591
Arauca,3,28.16,80.99,190.36,125,300000,7.0847,-70.7591
Arauca,4,28.28,81.47,199.0,125,300000,7.0847,-70.7591
Arauca,5,28.35,81.81,205.06,125,300000,7.0847,-70.7591
Arauca,6,28.39,81.98,208.18,125,300000,7.0847,-70.7591
Arauca,7,28.39,81.98,208.18,125,300000,7.0847,-70.7591
Arauca,8,28.35,81.81,205.06,125,300000,7.0847,-70.7591
Arauca,9,28.28,81.47,199.0,125,300000,7.0847,-70.7591
Arauca,10,28.16,80.99,190.36,125,300000,7.0847,-70.7591
Arauca,11,28.03,80.39,179.63,125,300000,7.0847,-70.7591
Arauca,12,27.87,79.72,167.44,125,300000,7.0847,-70.7591
Arauca,13,27.7,79.0,154.5,125,300000,7.0847,-70.7591
Arauca,14,27.53,78.28,141.56,125,300000,7.0847,-70.7591
Arauca,15,27.37,77.61,129.37,125,300000,7.0847,-70.7591
Arauca,16,27.24,77.01,118.64,125,300000,7.0847,-70.7591
Arauca,17,27.12,76.53,110.0,125,300000,7.0847,-70.7591
Arauca,18,27.05,76.19,103.94,125,300000,7.0847,-70.7591
Arauca,19,27.01,76.02,100.82,125,300000,7.0847,-70.7591
Arauca,20,27.01,76.02,100.82,125,300000,7.0847,-70.7591
Arauca,21,27.05,76.19,103.94,125,300000,7.0847,-70.7591
Arauca,22,27.12,76.53,110.0,125,300000,7.0847,-70.7591
Arauca,23,27.24,77.01,118.64,125,300000,7.0847,-70.7591
Arauca,24,27.37,77.61,129.37,125,300000,7.0847,-70.7591
Arauca,25,27.53,78.28,141.56,125,300000,7.0847,-70.7591
Arauca,26,27.7,79.0,154.5,125,300000,7.0847,-70.7591
Arauca,27,27.87,79.72,167.44,125,300000,7.0847,-70.7591
Arauca,28,28.03,80.39,179.63,125,300000,7.0847,-70.7591
Arauca,29,28.16,80.99,190.36,125,300000,7.0847,-70.7591
Arauca,30,28.28,81.47,199.0,125,300000,7.0847,-70.7591
Arauca,31,28.35,81.81,205.06,125,300000,7.0847,-70.7591
Arauca,32,28.39,81.98,208.18,125,300000,7.0847,-70.7591
Arauca,33,28.39,81.98,208.18,125,300000,7.0847,-70.7591
Arauca,34,28.35,81.81,205.06,125,300000,7.0847,-70.7591
Arauca,35,28.28,81.47,199.0,125,300000,7.0847,-70.7591
Arauca,36,28.16,80.99,190.36,125,300000,7.0847,-70.7591
Arauca,37,28.03,80.39,179.63,125,300000,7.0847,-70.7591
Arauca,38,27.87,79.72,167.44,125,300000,7.0847,-70.7591
Arauca,39,27.7,79.0,154.5,125,300000,7.0847,-70.7591
Arauca,40,27.53,78.28,141.56,125,300000,7.0847,-70.7591
Arauca,41,27.37,77.61,129.37,125,300000,7.0847,-70.7591
Arauca,42,27.24,77.01,118.64,125,300000,7.0847,-70.7591
Arauca,43,27.12,76.53,110.0,125,300000,7.0847,-70.7591
Arauca,44,27.05,76.19,103.94,125,300000,7.0847,-70.7591
Arauca,45,27.01,76.02,100.82,125,300000,7.0847,-70.7591
Arauca,46,27.01,76.02,100.82,125,300000,7.0847,-70.7591
Arauca,47,27.05,76.19,103.94,125,300000,7.0847,-70.7591
Arauca,48,27.12,76.53,110.0,125,300000,7.0847,-70.7591
Arauca,49,27.24,77.01,118.64,125,300000,7.0847,-70.7591
Arauca,50,27.37,77.61,129.37,125,300000,7.0847,-70.7591
Arauca,51,27.53,78.28,141.56,125,300000,7.0847,-70.7591
Arauca,52,27.7,79.0,154.5,125,300000,7.0847,-70.7591
Casanare,1,26.87,77.72,173.02,350,450000,5.3378,-72.3959
Casanare,2,27.03,78.39,185.62,350,450000,5.3378,-72.3959
Casanare,3,27.16,78.99,196.7,350,450000,5.3378,-72.3959
Casanare,4,27.28,79.47,205.64,350,450000,5.3378,-72.3959
Casanare,5,27.35,79.81,211.9,350,450000,5.3378,-72.3959
Casanare,6,27.39,79.98,215.12,350,450000,5.3378,-72.3959
Casanare,7,27.39,79.98,215.12,350,450000,5.3378,-72.3959
Casanare,8,27.35,79.81,211.9,350,450000,5.3378,-72.3959
Casanare,9,27.28,79.47,205.64,350,450000,5.3378,-72.3959
Casanare,10,27.16,78.99,196.7,350,450000,5.3378,-72.3959
Casanare,11,27.03,78.39,185.62,350,450000,5.3378,-72.3959
Casanare,12,26.87,77.72,173.02,350,450000,5.3378,-72.3959
Casanare,13,26.7,77.0,159.65,350,450000,5.3378,-72.3959
Casanare,14,26.53,76.28,146.28,350,450000,5.3378,-72.3959
Casanare,15,26.37,75.61,133.68,350,450000,5.3378,-72.3959
Casanare,16,26.24,75.01,122.6,350,450000,5.3378,-72.3959
Casanare,17,26.12,74.53,113.66,350,450000,5.3378,-72.3959
Casanare,18,26.05,74.19,107.4,350,450000,5.3378,-72.3959
Casanare,19,26.01,74.02,104.18,350,450000,5.3378,-72.3959
Casanare,20,26.01,74.02,104.18,350,450000,5.3378,-72.3959
Casanare,21,26.05,74.19,107.4,350,450000,5.3378,-72.3959
Casanare,22,26.12,74.53,113.66,350,450000,5.3378,-72.3959
Casanare,23,26.24,75.01,122.6,350,450000,5.3378,-72.3959
Casanare,24,26.37,75.61,133.68,350,450000,5.3378,-72.3959
Casanare,25,26.53,76.28,146.28,350,450000,5.3378,-72.3959
Casanare,26,26.7,77.0,159.65,350,450000,5.3378,-72.3959
Casanare,27,26.87,77.72,173.02,350,450000,5.3378,-72.3959
Casanare,28,27.03,78.39,185.62,350,450000,5.3378,-72.3959
Casanare,29,27.16,78.99,196.7,350,450000,5.3378,-72.3959
Casanare,30,27.28,79.47,205.64,350,450000,5.3378,-72.3959
Casanare,31,27.35,79.81,211.9,350,450000,5.3378,-72.3959
Casanare,32,27.39,79.98,215.12,350,450000,5.3378,-72.3959
Casanare,33,27.39,79.98,215.12,350,450000,5.3378,-72.3959
Casanare,34,27.35,79.81,211.9,350,450000,5.3378,-72.3959
Casanare,35,27.28,79.47,205.64,350,450000,5.3378,-72.3959
Casanare,36,27.16,78.99,196.7,350,450000,5.3378,-72.3959
Casanare,37,27.03,78.39,185.62,350,450000,5.3378,-72.3959
Casanare,38,26.87,77.72,173.02,350,450000,5.3378,-72.3959
Casanare,39,26.7,77.0,159.65,350,450000,5.3378,-72.3959
Casanare,40,26.53,76.28,146.28,350,450000,5.3378,-72.3959
Casanare,41,26.37,75.61,133.68,350,450000,5.3378,-72.3959
Casanare,42,26.24,75.01,122.6,350,450000,5.3378,-72.3959
Casanare,43,26.12,74.53,113.66,350,450000,5.3378,-72.3959
Casanare,44,26.05,74.19,107.4,350,450000,5.3378,-72.3959
Casanare,45,26.01,74.02,104.18,350,450000,5.3378,-72.3959
Casanare,46,26.01,74.02,104.18,350,450000,5.3378,-72.3959
Casanare,47,26.05,74.19,107.4,350,450000,5.3378,-72.3959
Casanare,48,26.12,74.53,113.66,350,450000,5.3378,-72.3959
Casanare,49,26.24,75.01,122.6,350,450000,5.3378,-72.3959
Casanare,50,26.37,75.61,133.68,350,450000,5.3378,-72.3959
Casanare,51,26.53,76.28,146.28,350,450000,5.3378,-72.3959
Casanare,52,26.7,77.0,159.65,350,450000,5.3378,-72.3959
Vichada,1,28.17,75.72,184.19,145,115000,6.1883,-67.4858
Vichada,2,28.33,76.39,197.59,145,115000,6.1883,-67.4858
Vichada,3,28.46,76.99,209.39,145,115000,6.1883,-67.4858
Vichada,4,28.58,77.47,218.9,145,115000,6.1883,-67.4858
Vichada,5,28.65,77.81,225.57,145,115000,6.1883,-67.4858
Vichada,6,28.69,77.98,229.0,145,115000,6.1883,-67.4858
Vichada,7,28.69,77.98,229.0,145,115000,6.1883,-67.4858
Vichada,8,28.65,77.81,225.57,145,115000,6.1883,-67.4858
Vichada,9,28.58,77.47,218.9,145,115000,6.1883,-67.4858
Vichada,10,28.46,76.99,209.39,145,115000,6.1883,-67.4858
Vichada,11,28.33,76.39,197.59,145,115000,6.1883,-67.4858
Vichada,12,28.17,75.72,184.19,145,115000,6.1883,-67.4858
Vichada,13,28.0,75.0,169.95,145,115000,6.1883,-67.4858
Vichada,14,27.83,74.28,155.71,145,115000,6.1883,-67.4858
Vichada,15,27.67,73.61,142.31,145,115000,6.1883,-67.4858
Vichada,16,27.54,73.01,130.51,145,115000,6.1883,-67.4858
Vichada,17,27.42,72.53,121.0,145,115000,6.1883,-67.4858
Vichada,18,27.35,72.19,114.33,145,115000,6.1883,-67.4858
Vichada,19,27.31,72.02,110.9,145,115000,6.1883,-67.4858
Vichada,20,27.31,72.02,110.9,145,115000,6.1883,-67.4858
Vichada,21,27.35,72.19,114.33,145,115000,6.1883,-67.4858
Vichada,22,27.42,72.53,121.0,145,115000,6.1883,-67.4858
Vichada,23,27.54,73.01,130.51,145,115000,6.1883,-67.4858
Vichada,24,27.67,73.61,142.31,145,115000,6.1883,-67.4858
Vichada,25,27.83,74.28,155.71,145,115000,6.1883,-67.4858
Vichada,26,28.0,75.0,169.95,145,115000,6.1883,-67.4858
Vichada,27,28.17,75.72,184.19,145,115000,6.1883,-67.4858
Vichada,28,28.33,76.39,197.59,145,115000,6.1883,-67.4858
Vichada,29,28.46,76.99,209.39,145,115000,6.1883,-67.4858
Vichada,30,28.58,77.47,218.9,145,115000,6.1883,-67.4858
Vichada,31,28.65,77.81,225.57,145,115000,6.1883,-67.4858
Vichada,32,28.69,77.98,229.0,145,115000,6.1883,-67.4858
Vichada,33,28.69,77.98,229.0,145,115000,6.1883,-67.4858
Vichada,34,28.65,77.81,225.57,145,115000,6.1883,-67.4858
Vichada,35,28.58,77.47,218.9,145,115000,6.1883,-67.4858
Vichada,36,28.46,76.99,209.39,145,115000,6.1883,-67.4858
Vichada,37,28.33,76.39,197.59,145,115000,6.1883,-67.4858
Vichada,38,28.17,75.72,184.19,145,115000,6.1883,-67.4858
Vichada,39,28.0,75.0,169.95,145,115000,6.1883,-67.4858
Vichada,40,27.83,74.28,155.71,145,115000,6.1883,-67.4858
Vichada,41,27.67,73.61,142.31,145,115000,6.1883,-67.4858
Vichada,42,27.54,73.01,130.51,145,115000,6.1883,-67.4858
Vichada,43,27.42,72.53,121.0,145,115000,6.1883,-67.4858
Vichada,44,27.35,72.19,114.33,145,115000,6.1883,-67.4858
Vichada,45,27.31,72.02,110.9,145,115000,6.1883,-67.4858
Vichada,46,27.31,72.02,110.9,145,115000,6.1883,-67.4858
Vichada,47,27.35,72.19,114.33,145,115000,6.1883,-67.4858
Vichada,48,27.42,72.53,121.0,145,115000,6.1883,-67.4858
Vichada,49,27.54,73.01,130.51,145,115000,6.1883,-67.4858
Vichada,50,27.67,73.61,142.31,145,115000,6.1883,-67.4858
Vichada,51,27.83,74.28,155.71,145,115000,6.1883,-67.4858
Vichada,52,28.0,75.0,169.95,145,115000,6.1883,-67.4858
Amazonas,1,26.37,87.72,279.07,96,80000,-1.4429,-71.4399
Amazonas,2,26.53,88.39,299.38,96,80000,-1.4429,-71.4399
Amazonas,3,26.66,88.99,317.26,96,80000,-1.4429,-71.4399
Amazonas,4,26.78,89.47,331.67,96,80000,-1.4429,-71.4399
Amazonas,5,26.85,89.81,341.77,96,80000,-1.4429,-71.4399
Amazonas,6,26.89,89.98,346.97,96,80000,-1.4429,-71.4399
Amazonas,7,26.89,89.98,346.97,96,80000,-1.4429,-71.4399
Amazonas,8,26.85,89.81,341.77,96,80000,-1.4429,-71.4399
Amazonas,9,26.78,89.47,331.67,96,80000,-1.4429,-71.4399
Amazonas,10,26.66,88.99,317.26,96,80000,-1.4429,-71.4399
Amazonas,11,26.53,88.39,299.38,96,80000,-1.4429,-71.4399
Amazonas,12,26.37,87.72,279.07,96,80000,-1.4429,-71.4399
Amazonas,13,26.2,87.0,257.5,96,80000,-1.4429,-71.4399
Amazonas,14,26.03,86.28,235.93,96,80000,-1.4429,-71.4399
Amazonas,15,25.87,85.61,215.62,96,80000,-1.4429,-71.4399
Amazonas,16,25.74,85.01,197.74,96,80000,-1.4429,-71.4399
Amazonas,17,25.62,84.53,183.33,96,80000,-1.4429,-71.4399
Amazonas,18,25.55,84.19,173.23,96,80000,-1.4429,-71.4399
Amazonas,19,25.51,84.02,168.03,96,80000,-1.4429,-71.4399
Amazonas,20,25.51,84.02,168.03,96,80000,-1.4429,-71.4399
Amazonas,21,25.55,84.19,173.23,96,80000,-1.4429,-71.4399
Amazonas,22,25.62,84.53,183.33,96,80000,-1.4429,-71.4399
Amazonas,23,25.74,85.01,197.74,96,80000,-1.4429,-71.4399
Amazonas,24,25.87,85.61,215.62,96,80000,-1.4429,-71.4399
Amazonas,25,26.03,86.28,235.93,96,80000,-1.4429,-71.4399
Amazonas,26,26.2,87.0,257.5,96,80000,-1.4429,-71.4399
Amazonas,27,26.37,87.72,279.07,96,80000,-1.4429,-71.4399
Amazonas,28,26.53,88.39,299.38,96,80000,-1.4429,-71.4399
Amazonas,29,26.66,88.99,317.26,96,80000,-1.4429,-71.4399
Amazonas,30,26.78,89.47,331.67,96,80000,-1.4429,-71.4399
Amazonas,31,26.85,89.81,341.77,96,80000,-1.4429,-71.4399
Amazonas,32,26.89,89.98,346.97,96,80000,-1.4429,-71.4399
Amazonas,33,26.89,89.98,346.97,96,80000,-1.4429,-71.4399
Amazonas,34,26.85,89.81,341.77,96,80000,-1.4429,-71.4399
Amazonas,35,26.78,89.47,331.67,96,80000,-1.4429,-71.4399
Amazonas,36,26.66,88.99,317.26,96,80000,-1.4429,-71.4399
Amazonas,37,26.53,88.39,299.38,96,80000,-1.4429,-71.4399
Amazonas,38,26.37,87.72,279.07,96,80000,-1.4429,-71.4399
Amazonas,39,26.2,87.0,257.5,96,80000,-1.4429,-71.4399
Amazonas,40,26.03,86.28,235.93,96,80000,-1.4429,-71.4399
Amazonas,41,25.87,85.61,215.62,96,80000,-1.4429,-71.4399
Amazonas,42,25.74,85.01,197.74,96,80000,-1.4429,-71.4399
Amazonas,43,25.62,84.53,183.33,96,80000,-1.4429,-71.4399
Amazonas,44,25.55,84.19,173.23,96,80000,-1.4429,-71.4399
Amazonas,45,25.51,84.02,168.03,96,80000,-1.4429,-71.4399
Amazonas,46,25.51,84.02,168.03,96,80000,-1.4429,-71.4399
Amazonas,47,25.55,84.19,173.23,96,80000,-1.4429,-71.4399
Amazonas,48,25.62,84.53,183.33,96,80000,-1.4429,-71.4399
Amazonas,49,25.74,85.01,197.74,96,80000,-1.4429,-71.4399
Amazonas,50,25.87,85.61,215.62,96,80000,-1.4429,-71.4399
Amazonas,51,26.03,86.28,235.93,96,80000,-1.4429,-71.4399
Amazonas,52,26.2,87.0,257.5,96,80000,-1.4429,-71.4399
Vaupes,1,26.17,86.72,267.91,190,47000,1.2,-70.5
Vaupes,2,26.33,87.39,287.41,190,47000,1.2,-70.5
Vaupes,3,26.46,87.99,304.57,190,47000,1.2,-70.5
Vaupes,4,26.58,88.47,318.4,190,47000,1.2,-70.5
Vaupes,5,26.65,88.81,328.1,190,47000,1.2,-70.5
Vaupes,6,26.69,88.98,333.09,190,47000,1.2,-70.5
Vaupes,7,26.69,88.98,333.09,190,47000,1.2,-70.5
Vaupes,8,26.65,88.81,328.1,190,47000,1.2,-70.5
Vaupes,9,26.58,88.47,318.4,190,47000,1.2,-70.5
Vaupes,10,26.46,87.99,304.57,190,47000,1.2,-70.5
Vaupes,11,26.33,87.39,287.41,190,47000,1.2,-70.5
Vaupes,12,26.17,86.72,267.91,190,47000,1.2,-70.5
Vaupes,13,26.0,86.0,247.2,190,47000,1.2,-70.5
Vaupes,14,25.83,85.28,226.49,190,47000,1.2,-70.5
Vaupes,15,25.67,84.61,206.99,190,47000,1.2,-70.5
Vaupes,16,25.54,84.01,189.83,190,47000,1.2,-70.5
Vaupes,17,25.42,83.53,176.0,190,47000,1.2,-70.5
Vaupes,18,25.35,83.19,166.3,190,47000,1.2,-70.5
Vaupes,19,25.31,83.02,161.31,190,47000,1.2,-70.5
Vaupes,20,25.31,83.02,161.31,190,47000,1.2,-70.5
Vaupes,21,25.35,83.19,166.3,190,47000,1.2,-70.5
Vaupes,22,25.42,83.53,176.0,190,47000,1.2,-70.5
Vaupes,23,25.54,84.01,189.83,190,47000,1.2,-70.5
Vaupes,24,25.67,84.61,206.99,190,47000,1.2,-70.5
Vaupes,25,25.83,85.28,226.49,190,47000,1.2,-70.5
Vaupes,26,26.0,86.0,247.2,190,47000,1.2,-70.5
Vaupes,27,26.17,86.72,267.91,190,47000,1.2,-70.5
Vaupes,28,26.33,87.39,287.41,190,47000,1.2,-70.5
Vaupes,29,26.46,87.99,304.57,190,47000,1.2,-70.5
Vaupes,30,26.58,88.47,318.4,190,47000,1.2,-70.5
Vaupes,31,26.65,88.81,328.1,190,47000,1.2,-70.5
Vaupes,32,26.69,88.98,333.09,190,47000,1.2,-70.5
Vaupes,33,26.69,88.98,333.09,190,47000,1.2,-70.5
Vaupes,34,26.65,88.81,328.1,190,47000,1.2,-70.5
Vaupes,35,26.58,88.47,318.4,190,47000,1.2,-70.5
Vaupes,36,26.46,87.99,304.57,190,47000,1.2,-70.5
Vaupes,37,26.33,87.39,287.41,190,47000,1.2,-70.5
Vaupes,38,26.17,86.72,267.91,190,47000,1.2,-70.5
Vaupes,39,26.0,86.0,247.2,190,47000,1.2,-70.5
Vaupes,40,25.83,85.28,226.49,190,47000,1.2,-70.5
Vaupes,41,25.67,84.61,206.99,190,47000,1.2,-70.5
Vaupes,42,25.54,84.01,189.83,190,47000,1.2,-70.5
Vaupes,43,25.42,83.53,176.0,190,47000,1.2,-70.5
Vaupes,44,25.35,83.19,166.3,190,47000,1.2,-70.5
Vaupes,45,25.31,83.02,161.31,190,47000,1.2,-70.5
Vaupes,46,25.31,83.02,161.31,190,47000,1.2,-70.5
Vaupes,47,25.35,83.19,166.3,190,47000,1.2,-70.5
Vaupes,48,25.42,83.53,176.0,190,47000,1.2,-70.5
Vaupes,49,25.54,84.01,189.83,190,47000,1.2,-70.5
Vaupes,50,25.67,84.61,206.99,190,47000,1.2,-70.5
Vaupes,51,25.83,85.28,226.49,190,47000,1.2,-70.5
Vaupes,52,26.0,86.0,247.2,190,47000,1.2,-70.5
Guainia,1,26.57,84.72,290.23,100,52000,3.8653,-67.9239
Guainia,2,26.73,85.39,311.36,100,52000,3.8653,-67.9239
Guainia,3,26.86,85.99,329.95,100,52000,3.8653,-67.9239
Guainia,4,26.98,86.47,344.94,100,52000,3.8653,-67.9239
Guainia,5,27.05,86.81,355.44,100,52000,3.8653,-67.9239
Guainia,6,27.09,86.98,360.85,100,52000,3.8653,-67.9239
Guainia,7,27.09,86.98,360.85,100,52000,3.8653,-67.9239
Guainia,8,27.05,86.81,355.44,100,52000,3.8653,-67.9239
Guainia,9,26.98,86.47,344.94,100,52000,3.8653,-67.9239
Guainia,10,26.86,85.99,329.95,100,52000,3.8653,-67.9239
Guainia,11,26.73,85.39,311.36,100,52000,3.8653,-67.9239
Guainia,12,26.57,84.72,290.23,100,52000,3.8653,-67.9239
Guainia,13,26.4,84.0,267.8,100,52000,3.8653,-67.9239
Guainia,14,26.23,83.28,245.37,100,52000,3.8653,-67.9239
Guainia,15,26.07,82.61,224.24,100,52000,3.8653,-67.9239
Guainia,16,25.94,82.01,205.65,100,52000,3.8653,-67.9239
Guainia,17,25.82,81.53,190.66,100,52000,3.8653,-67.9239
Guainia,18,25.75,81.19,180.16,100,52000,3.8653,-67.9239
Guainia,19,25.71,81.02,174.75,100,52000,3.8653,-67.9239
Guainia,20,25.71,81.02,174.75,100,52000,3.8653,-67.9239
Guainia,21,25.75,81.19,180.16,100,52000,3.8653,-67.9239
Guainia,22,25.82,81.53,190.66,100,52000,3.8653,-67.9239
Guainia,23,25.94,82.01,205.65,100,52000,3.8653,-67.9239
Guainia,24,26.07,82.61,224.24,100,52000,3.8653,-67.9239
Guainia,25,26.23,83.28,245.37,100,52000,3.8653,-67.9239
Guainia,26,26.4,84.0,267.8,100,52000,3.8653,-67.9239
Guainia,27,26.57,84.72,290.23,100,52000,3.8653,-67.9239
Guainia,28,26.73,85.39,311.36,100,52000,3.8653,-67.9239
Guainia,29,26.86,85.99,329.95,100,52000,3.8653,-67.9239
Guainia,30,26.98,86.47,344.94,100,52000,3.8653,-67.9239
Guainia,31,27.05,86.81,355.44,100,52000,3.8653,-67.9239
Guainia,32,27.09,86.98,360.85,100,52000,3.8653,-67.9239
Guainia,33,27.09,86.98,360.85,100,52000,3.8653,-67.9239
Guainia,34,27.05,86.81,355.44,100,52000,3.8653,-67.9239
Guainia,35,26.98,86.47,344.94,100,52000,3.8653,-67.9239
Guainia,36,26.86,85.99,329.95,100,52000,3.8653,-67.9239
Guainia,37,26.73,85.39,311.36,100,52000,3.8653,-67.9239
Guainia,38,26.57,84.72,290.23,100,52000,3.8653,-67.9239
Guainia,39,26.4,84.0,267.8,100,52000,3.8653,-67.9239
Guainia,40,26.23,83.28,245.37,100,52000,3.8653,-67.9239
Guainia,41,26.07,82.61,224.24,100,52000,3.8653,-67.9239
Guainia,42,25.94,82.01,205.65,100,52000,3.8653,-67.9239
Guainia,43,25.82,81.53,190.66,100,52000,3.8653,-67.9239
Guainia,44,25.75,81.19,180.16,100,52000,3.8653,-67.9239
Guainia,45,25.71,81.02,174.75,100,52000,3.8653,-67.9239
Guainia,46,25.71,81.02,174.75,100,52000,3.8653,-67.9239
Guainia,47,25.75,81.19,180.16,100,52000,3.8653,-67.9239
Guainia,48,25.82,81.53,190.66,100,52000,3.8653,-67.9239
Guainia,49,25.94,82.01,205.65,100,52000,3.8653,-67.9239
Guainia,50,26.07,82.61,224.24,100,52000,3.8653,-67.9239
Guainia,51,26.23,83.28,245.37,100,52000,3.8653,-67.9239
Guainia,52,26.4,84.0,267.8,100,52000,3.8653,-67.9239
Guaviare,1,26.17,81.72,245.58,175,90000,2.575,-72.6414
Guaviare,2,26.33,82.39,263.46,175,90000,2.575,-72.6414
Guaviare,3,26.46,82.99,279.19,175,90000,2.575,-72.6414
Guaviare,4,26.58,83.47,291.87,175,90000,2.575,-72.6414
Guaviare,5,26.65,83.81,300.76,175,90000,2.575,-72.6414
Guaviare,6,26.69,83.98,305.33,175,90000,2.575,-72.6414
Guaviare,7,26.69,83.98,305.33,175,90000,2.575,-72.6414
Guaviare,8,26.65,83.81,300.76,175,90000,2.575,-72.6414
Guaviare,9,26.58,83.47,291.87,175,90000,2.575,-72.6414
Guaviare,10,26.46,82.99,279.19,175,90000,2.575,-72.6414
Guaviare,11,26.33,82.39,263.46,175,90000,2.575,-72.6414
Guaviare,12,26.17,81.72,245.58,175,90000,2.575,-72.6414
Guaviare,13,26.0,81.0,226.6,175,90000,2.575,-72.6414
Guaviare,14,25.83,80.28,207.62,175,90000,2.575,-72.6414
Guaviare,15,25.67,79.61,189.74,175,90000,2.575,-72.6414
Guaviare,16,25.54,79.01,174.01,175,90000,2.575,-72.6414
Guaviare,17,25.42,78.53,161.33,175,90000,2.575,-72.6414
Guaviare,18,25.35,78.19,152.44,175,90000,2.575,-72.6414
Guaviare,19,25.31,78.02,147.87,175,90000,2.575,-72.6414
Guaviare,20,25.31,78.02,147.87,175,90000,2.575,-72.6414
Guaviare,21,25.35,78.19,152.44,175,90000,2.575,-72.6414
Guaviare,22,25.42,78.53,161.33,175,90000,2.575,-72.6414
Guaviare,23,25.54,79.01,174.01,175,90000,2.575,-72.6414
Guaviare,24,25.67,79.61,189.74,175,90000,2.575,-72.6414
Guaviare,25,25.83,80.28,207.62,175,90000,2.575,-72.6414
Guaviare,26,26.0,81.0,226.6,175,90000,2.575,-72.6414
Guaviare,27,26.17,81.72,245.58,175,90000,2.575,-72.6414
Guaviare,28,26.33,82.39,263.46,175,90000,2.575,-72.6414
Guaviare,29,26.46,82.99,279.19,175,90000,2.575,-72.6414
Guaviare,30,26.58,83.47,291.87,175,90000,2.575,-72.6414
Guaviare,31,26.65,83.81,300.76,175,90000,2.575,-72.6414
Guaviare,32,26.69,83.98,305.33,175,90000,2.575,-72.6414
Guaviare,33,26.69,83.98,305.33,175,90000,2.575,-72.6414
Guaviare,34,26.65,83.81,300.76,175,90000,2.575,-72.6414
Guaviare,35,26.58,83.47,291.87,175,90000,2.575,-72.6414
Guaviare,36,26.46,82.99,279.19,175,90000,2.575,-72.6414
Guaviare,37,26.33,82.39,263.46,175,90000,2.575,-72.6414
Guaviare,38,26.17,81.72,245.58,175,90000,2.575,-72.6414
Guaviare,39,26.0,81.0,226.6,175,90000,2.575,-72.6414
Guaviare,40,25.83,80.28,207.62,175,90000,2.575,-72.6414
Guaviare,41,25.67,79.61,189.74,175,90000,2.575,-72.6414
Guaviare,42,25.54,79.01,174.01,175,90000,2.575,-72.6414
Guaviare,43,25.42,78.53,161.33,175,90000,2.575,-72.6414
Guaviare,44,25.35,78.19,152.44,175,90000,2.575,-72.6414
Guaviare,45,25.31,78.02,147.87,175,90000,2.575,-72.6414
Guaviare,46,25.31,78.02,147.87,175,90000,2.575,-72.6414
Guaviare,47,25.35,78.19,152.44,175,90000,2.575,-72.6414
Guaviare,48,25.42,78.53,161.33,175,90000,2.575,-72.6414
Guaviare,49,25.54,79.01,174.01,175,90000,2.575,-72.6414
Guaviare,50,25.67,79.61,189.74,175,90000,2.575,-72.6414
Guaviare,51,25.83,80.28,207.62,175,90000,2.575,-72.6414
Guaviare,52,26.0,81.0,226.6,175,90000,2.575,-72.6414
Caqueta,1,25.87,82.72,267.91,242,410000,1.6139,-75.6042
Caqueta,2,26.03,83.39,287.41,242,410000,1.6139,-75.6042
Caqueta,3,26.16,83.99,304.57,242,410000,1.6139,-75.6042
Caqueta,4,26.28,84.47,318.4,242,410000,1.6139,-75.6042
Caqueta,5,26.35,84.81,328.1,242,410000,1.6139,-75.6042
Caqueta,6,26.39,84.98,333.09,242,410000,1.6139,-75.6042
Caqueta,7,26.39,84.98,333.09,242,410000,1.6139,-75.6042
Caqueta,8,26.35,84.81,328.1,242,410000,1.6139,-75.6042
Caqueta,9,26.28,84.47,318.4,242,410000,1.6139,-75.6042
Caqueta,10,26.16,83.99,304.57,242,410000,1.6139,-75.6042
Caqueta,11,26.03,83.39,287.41,242,410000,1.6139,-75.6042
Caqueta,12,25.87,82.72,267.91,242,410000,1.6139,-75.6042
Caqueta,13,25.7,82.0,247.2,242,410000,1.6139,-75.6042
Caqueta,14,25.53,81.28,226.49,242,410000,1.6139,-75.6042
Caqueta,15,25.37,80.61,206.99,242,410000,1.6139,-75.6042
Caqueta,16,25.24,80.01,189.83,242,410000,1.6139,-75.6042
Caqueta,17,25.12,79.53,176.0,242,410000,1.6139,-75.6042
Caqueta,18,25.05,79.19,166.3,242,410000,1.6139,-75.6042
Caqueta,19,25.01,79.02,161.31,242,410000,1.6139,-75.6042
Caqueta,20,25.01,79.02,161.31,242,410000,1.6139,-75.6042
Caqueta,21,25.05,79.19,166.3,242,410000,1.6139,-75.6042
Caqueta,22,25.12,79.53,176.0,242,410000,1.6139,-75.6042
Caqueta,23,25.24,80.01,189.83,242,410000,1.6139,-75.6042
Caqueta,24,25.37,80.61,206.99,242,410000,1.6139,-75.6042
Caqueta,25,25.53,81.28,226.49,242,410000,1.6139,-75.6042
Caqueta,26,25.7,82.0,247.2,242,410000,1.6139,-75.6042
Caqueta,27,25.87,82.72,267.91,242,410000,1.6139,-75.6042
Caqueta,28,26.03,83.39,287.41,242,410000,1.6139,-75.6042
Caqueta,29,26.16,83.99,304.57,242,410000,1.6139,-75.6042
Caqueta,30,26.28,84.47,318.4,242,410000,1.6139,-75.6042
Caqueta,31,26.35,84.81,328.1,242,410000,1.6139,-75.6042
Caqueta,32,26.39,84.98,333.09,242,410000,1.6139,-75.6042
Caqueta,33,26.39,84.98,333.09,242,410000,1.6139,-75.6042
Caqueta,34,26.35,84.81,328.1,242,410000,1.6139,-75.6042
Caqueta,35,26.28,84.47,318.4,242,410000,1.6139,-75.6042
Caqueta,36,26.16,83.99,304.57,242,410000,1.6139,-75.6042
Caqueta,37,26.03,83.39,287.41,242,410000,1.6139,-75.6042
Caqueta,38,25.87,82.72,267.91,242,410000,1.6139,-75.6042
Caqueta,39,25.7,82.0,247.2,242,410000,1.6139,-75.6042
Caqueta,40,25.53,81.28,226.49,242,410000,1.6139,-75.6042
Caqueta,41,25.37,80.61,206.99,242,410000,1.6139,-75.6042
Caqueta,42,25.24,80.01,189.83,242,410000,1.6139,-75.6042
Caqueta,43,25.12,79.53,176.0,242,410000,1.6139,-75.6042
Caqueta,44,25.05,79.19,166.3,242,410000,1.6139,-75.6042
Caqueta,45,25.01,79.02,161.31,242,410000,1.6139,-75.6042
Caqueta,46,25.01,79.02,161.31,242,410000,1.6139,-75.6042
Caqueta,47,25.05,79.19,166.3,242,410000,1.6139,-75.6042
Caqueta,48,25.12,79.53,176.0,242,410000,1.6139,-75.6042
Caqueta,49,25.24,80.01,189.83,242,410000,1.6139,-75.6042
Caqueta,50,25.37,80.61,206.99,242,410000,1.6139,-75.6042
Caqueta,51,25.53,81.28,226.49,242,410000,1.6139,-75.6042
Caqueta,52,25.7,82.0,247.2,242,410000,1.6139,-75.6042
Putumayo,1,24.57,83.72,279.07,600,360000,1.1492,-76.6464
Putumayo,2,24.73,84.39,299.38,600,360000,1.1492,-76.6464
Putumayo,3,24.86,84.99,317.26,600,360000,1.1492,-76.6464
Putumayo,4,24.98,85.47,331.67,600,360000,1.1492,-76.6464
Putumayo,5,25.05,85.81,341.77,600,360000,1.1492,-76.6464
Putumayo,6,25.09,85.98,346.97,600,360000,1.1492,-76.6464
Putumayo,7,25.09,85.98,346.97,600,360000,1.1492,-76.6464
Putumayo,8,25.05,85.81,341.77,600,360000,1.1492,-76.6464
Putumayo,9,24.98,85.47,331.67,600,360000,1.1492,-76.6464
Putumayo,10,24.86,84.99,317.26,600,360000,1.1492,-76.6464
Putumayo,11,24.73,84.39,299.38,600,360000,1.1492,-76.6464
Putumayo,12,24.57,83.72,279.07,600,360000,1.1492,-76.6464
Putumayo,13,24.4,83.0,257.5,600,360000,1.1492,-76.6464
Putumayo,14,24.23,82.28,235.93,600,360000,1.1492,-76.6464
Putumayo,15,24.07,81.61,215.62,600,360000,1.1492,-76.6464
Putumayo,16,23.94,81.01,197.74,600,360000,1.1492,-76.6464
Putumayo,17,23.82,80.53,183.33,600,360000,1.1492,-76.6464
Putumayo,18,23.75,80.19,173.23,600,360000,1.1492,-76.6464
Putumayo,19,23.71,80.02,168.03,600,360000,1.1492,-76.6464
Putumayo,20,23.71,80.02,168.03,600,360000,1.1492,-76.6464
Putumayo,21,23.75,80.19,173.23,600,360000,1.1492,-76.6464
Putumayo,22,23.82,80.53,183.33,600,360000,1.1492,-76.6464
Putumayo,23,23.94,81.01,197.74,600,360000,1.1492,-76.6464
Putumayo,24,24.07,81.61,215.62,600,360000,1.1492,-76.6464
Putumayo,25,24.23,82.28,235.93,600,360000,1.1492,-76.6464
Putumayo,26,24.4,83.0,257.5,600,360000,1.1492,-76.6464
Putumayo,27,24.57,83.72,279.07,600,360000,1.1492,-76.6464
Putumayo,28,24.73,84.39,299.38,600,360000,1.1492,-76.6464
Putumayo,29,24.86,84.99,317.26,600,360000,1.1492,-76.6464
Putumayo,30,24.98,85.47,331.67,600,360000,1.1492,-76.6464
Putumayo,31,25.05,85.81,341.77,600,360000,1.1492,-76.6464
Putumayo,32,25.09,85.98,346.97,600,360000,1.1492,-76.6464
Putumayo,33,25.09,85.98,346.97,600,360000,1.1492,-76.6464
Putumayo,34,25.05,85.81,341.77,600,360000,1.1492,-76.6464
Putumayo,35,24.98,85.47,331.67,600,360000,1.1492,-76.6464
Putumayo,36,24.86,84.99,317.26,600,360000,1.1492,-76.6464
Putumayo,37,24.73,84.39,299.38,600,360000,1.1492,-76.6464
Putumayo,38,24.57,83.72,279.07,600,360000,1.1492,-76.6464
Putumayo,39,24.4,83.0,257.5,600,360000,1.1492,-76.6464
Putumayo,40,24.23,82.28,235.93,600,360000,1.1492,-76.6464
Putumayo,41,24.07,81.61,215.62,600,360000,1.1492,-76.6464
Putumayo,42,23.94,81.01,197.74,600,360000,1.1492,-76.6464
Putumayo,43,23.82,80.53,183.33,600,360000,1.1492,-76.6464
Putumayo,44,23.75,80.19,173.23,600,360000,1.1492,-76.6464
Putumayo,45,23.71,80.02,168.03,600,360000,1.1492,-76.6464
Putumayo,46,23.71,80.02,168.03,600,360000,1.1492,-76.6464
Putumayo,47,23.75,80.19,173.23,600,360000,1.1492,-76.6464
Putumayo,48,23.82,80.53,183.33,600,360000,1.1492,-76.6464
Putumayo,49,23.94,81.01,197.74,600,360000,1.1492,-76.6464
Putumayo,50,24.07,81.61,215.62,600,360000,1.1492,-76.6464
Putumayo,51,24.23,82.28,235.93,600,360000,1.1492,-76.6464
Putumayo,52,24.4,83.0,257.5,600,360000,1.1492,-76.6464
