cod_municipio,nom_municipio,cod_departamento,nom_departamento,latitud,longitud
05001,MEDELLÍN,05,ANTIOQUIA,6.257590259,-75.61103107
05002,ABEJORRAL,05,ANTIOQUIA,5.803728154,-75.43847353
05004,ABRIAQUÍ,05,ANTIOQUIA,6.627569378,-76.08597756
05021,ALEJANDRÍA,05,ANTIOQUIA,6.365534125,-75.09059702
05030,AMAGÁ,05,ANTIOQUIA,6.032921994,-75.7080031
05031,AMALFI,05,ANTIOQUIA,6.977788843,-74.9812393
05034,ANDES,05,ANTIOQUIA,5.604993248,-75.94128391
05036,ANGELÓPOLIS,05,ANTIOQUIA,6.121430303,-75.71594966
05038,ANGOSTURA,05,ANTIOQUIA,6.861498764,-75.358316
05040,ANORÍ,05,ANTIOQUIA,7.193110778,-75.10848954
05042,SANTA FÉ DE ANTIOQUIA,05,ANTIOQUIA,6.535711576,-75.90426658
05044,ANZÁ,05,ANTIOQUIA,6.293546613,-75.91736927
05045,APARTADÓ,05,ANTIOQUIA,7.86047815,-76.58236264
05051,ARBOLETES,05,ANTIOQUIA,8.611395262,-76.41478317
05055,ARGELIA,05,ANTIOQUIA,5.708114524,-75.09469795
05059,ARMENIA,05,ANTIOQUIA,6.163683758,-75.80995528
05079,BARBOSA,05,ANTIOQUIA,6.443417935,-75.32924085
05086,BELMIRA,05,ANTIOQUIA,6.665853953,-75.68621659
05088,BELLO,05,ANTIOQUIA,6.358841086,-75.58973588
05091,BETANIA,05,ANTIOQUIA,5.727081285,-75.98689107
05093,BETULIA,05,ANTIOQUIA,6.185783612,-75.95649246
05101,CIUDAD BOLÍVAR,05,ANTIOQUIA,5.840995666,-76.01065253
05107,BRICEÑO,05,ANTIOQUIA,7.111788462,-75.56223474
05113,BURITICÁ,05,ANTIOQUIA,6.80906489,-75.91206595
05120,CÁCERES,05,ANTIOQUIA,7.665155105,-75.22369744
05125,CAICEDO,05,ANTIOQUIA,6.423463639,-75.99351498
05129,CALDAS,05,ANTIOQUIA,6.054446841,-75.62642674
05134,CAMPAMENTO,05,ANTIOQUIA,7.036017478,-75.28766178
05138,CAÑASGORDAS,05,ANTIOQUIA,6.814950023,-76.02689632
05142,CARACOLÍ,05,ANTIOQUIA,6.33797388,-74.73354817
05145,CARAMANTA,05,ANTIOQUIA,5.555275296,-75.63082096
05147,CAREPA,05,ANTIOQUIA,7.757967437,-76.64374657
05148,EL CARMEN DE VIBORAL,05,ANTIOQUIA,5.978078841,-75.2635361
05150,CAROLINA,05,ANTIOQUIA,6.754821442,-75.30590654
05154,CAUCASIA,05,ANTIOQUIA,7.867941792,-75.03501824
05172,CHIGORODÓ,05,ANTIOQUIA,7.631665644,-76.63964213
05190,CISNEROS,05,ANTIOQUIA,6.550065431,-75.08254116
05197,COCORNÁ,05,ANTIOQUIA,6.005593074,-75.16015403
05206,CONCEPCIÓN,05,ANTIOQUIA,6.376106187,-75.21785901
05209,CONCORDIA,05,ANTIOQUIA,6.057468678,-75.90014678
05212,COPACABANA,05,ANTIOQUIA,6.351882893,-75.50075633
05234,DABEIBA,05,ANTIOQUIA,6.992243782,-76.31426328
05237,DONMATÍAS,05,ANTIOQUIA,6.492403905,-75.42227687
05240,EBÉJICO,05,ANTIOQUIA,6.326444922,-75.78331175
05250,EL BAGRE,05,ANTIOQUIA,7.704633351,-74.66427726
05264,ENTRERRÍOS,05,ANTIOQUIA,6.594656004,-75.55913083
05266,ENVIGADO,05,ANTIOQUIA,6.154394922,-75.54686779
05282,FREDONIA,05,ANTIOQUIA,5.887702934,-75.67926242
05284,FRONTINO,05,ANTIOQUIA,6.691364773,-76.33199656
05306,GIRALDO,05,ANTIOQUIA,6.663095863,-75.94804663
05308,GIRARDOTA,05,ANTIOQUIA,6.379745895,-75.44795744
05310,GÓMEZ PLATA,05,ANTIOQUIA,6.709562839,-75.19270291
05313,GRANADA,05,ANTIOQUIA,6.123380721,-75.12763646
05315,GUADALUPE,05,ANTIOQUIA,6.861576325,-75.22591303
05318,GUARNE,05,ANTIOQUIA,6.266625703,-75.43730801
05321,GUATAPÉ,05,ANTIOQUIA,6.236329826,-75.15651272
05347,HELICONIA,05,ANTIOQUIA,6.214511788,-75.74971002
05353,HISPANIA,05,ANTIOQUIA,5.797039002,-75.90669203
05360,ITAGÜÍ,05,ANTIOQUIA,6.179279438,-75.6142037
05361,ITUANGO,05,ANTIOQUIA,7.341549718,-75.67842277
05364,JARDÍN,05,ANTIOQUIA,5.574444339,-75.81842575
05368,JERICÓ,05,ANTIOQUIA,5.769820536,-75.76488256
05376,LA CEJA,05,ANTIOQUIA,5.992524843,-75.43086935
05380,LA ESTRELLA,05,ANTIOQUIA,6.137595883,-75.64895499
05390,LA PINTADA,05,ANTIOQUIA,5.746583958,-75.60220206
05400,LA UNIÓN,05,ANTIOQUIA,5.940434685,-75.35429023
05411,LIBORINA,05,ANTIOQUIA,6.723990935,-75.78300046
05425,MACEO,05,ANTIOQUIA,6.534573585,-74.71410854
05440,MARINILLA,05,ANTIOQUIA,6.18520515,-75.30487933
05467,MONTEBELLO,05,ANTIOQUIA,5.916853903,-75.51972693
05475,MURINDÓ,05,ANTIOQUIA,6.828773855,-76.70861349
05480,MUTATÁ,05,ANTIOQUIA,7.329557848,-76.4630657
05483,NARIÑO,05,ANTIOQUIA,5.581275312,-75.19457019
05490,NECOCLÍ,05,ANTIOQUIA,8.493728551,-76.67699588
05495,NECHÍ,05,ANTIOQUIA,7.983477394,-74.65844186
05501,OLAYA,05,ANTIOQUIA,6.611418083,-75.77567097
05541,PEÑOL,05,ANTIOQUIA,6.232396368,-75.22350906
05543,PEQUE,05,ANTIOQUIA,7.044180058,-75.88968843
05576,PUEBLORRICO,05,ANTIOQUIA,5.80970186,-75.86076667
05579,PUERTO BERRÍO,05,ANTIOQUIA,6.481922267,-74.5287421
05585,PUERTO NARE,05,ANTIOQUIA,6.126539139,-74.70317722
05591,PUERTO TRIUNFO,05,ANTIOQUIA,5.954830151,-74.6861918
05604,REMEDIOS,05,ANTIOQUIA,6.997267375,-74.55865652
05607,RETIRO,05,ANTIOQUIA,6.053444254,-75.51573805
05615,RIONEGRO,05,ANTIOQUIA,6.150785807,-75.41076052
05628,SABANALARGA,05,ANTIOQUIA,6.901000506,-75.79222754
05631,SABANETA,05,ANTIOQUIA,6.138305183,-75.60880599
05642,SALGAR,05,ANTIOQUIA,5.970502334,-75.98137251
05647,SAN ANDRÉS DE CUERQUÍA,05,ANTIOQUIA,6.918427233,-75.6657758
05649,SAN CARLOS,05,ANTIOQUIA,6.193789659,-74.90732769
05652,SAN FRANCISCO,05,ANTIOQUIA,5.840093731,-74.98176334
05656,SAN JERÓNIMO,05,ANTIOQUIA,6.438300409,-75.70310727
05658,SAN JOSÉ DE LA MONTAÑA,05,ANTIOQUIA,6.823258913,-75.67770826
05659,SAN JUAN DE URABÁ,05,ANTIOQUIA,8.707141583,-76.53248234
05660,SAN LUIS,05,ANTIOQUIA,6.024205956,-75.0076674
05664,SAN PEDRO DE LOS MILAGROS,05,ANTIOQUIA,6.458666308,-75.5624839
05665,SAN PEDRO DE URABÁ,05,ANTIOQUIA,8.37915695,-76.31664233
05667,SAN RAFAEL,05,ANTIOQUIA,6.31074453,-74.99858652
05670,SAN ROQUE,05,ANTIOQUIA,6.466165211,-74.9450732
05674,SAN VICENTE FERRER,05,ANTIOQUIA,6.310387522,-75.32740163
05679,SANTA BÁRBARA,05,ANTIOQUIA,5.878984956,-75.58330371
05686,SANTA ROSA DE OSOS,05,ANTIOQUIA,6.675827825,-75.43814333
05690,SANTO DOMINGO,05,ANTIOQUIA,6.481044132,-75.14260097
05697,EL SANTUARIO,05,ANTIOQUIA,6.124209495,-75.25212278
05736,SEGOVIA,05,ANTIOQUIA,7.26692339,-74.62163926
05756,SONSÓN,05,ANTIOQUIA,5.826388779,-74.83637623
05761,SOPETRÁN,05,ANTIOQUIA,6.520164552,-75.74580903
05789,TÁMESIS,05,ANTIOQUIA,5.673758571,-75.70979974
05790,TARAZÁ,05,ANTIOQUIA,7.488875998,-75.40189438
05792,TARSO,05,ANTIOQUIA,5.871064557,-75.82871144
05809,TITIRIBÍ,05,ANTIOQUIA,6.058349971,-75.79966005
05819,TOLEDO,05,ANTIOQUIA,7.016397069,-75.71363382
05837,TURBO,05,ANTIOQUIA,8.173851745,-76.5740377
05842,URAMITA,05,ANTIOQUIA,6.913916924,-76.13318514
05847,URRAO,05,ANTIOQUIA,6.33534134,-76.25906482
05854,VALDIVIA,05,ANTIOQUIA,7.265404213,-75.40094502
05856,VALPARAÍSO,05,ANTIOQUIA,5.651937802,-75.63083412
05858,VEGACHÍ,05,ANTIOQUIA,6.836535122,-74.7540302
05861,VENECIA,05,ANTIOQUIA,5.956576355,-75.77722423
05873,VIGÍA DEL FUERTE,05,ANTIOQUIA,6.453351334,-76.69504802
05885,YALÍ,05,ANTIOQUIA,6.716870679,-74.75565002
05887,YARUMAL,05,ANTIOQUIA,6.9881309,-75.45439957
05890,YOLOMBÓ,05,ANTIOQUIA,6.64442786,-75.02990266
05893,YONDÓ,05,ANTIOQUIA,6.925159318,-74.15824041
05895,ZARAGOZA,05,ANTIOQUIA,7.474004006,-74.85848326
08001,BARRANQUILLA,08,ATLÁNTICO,10.98152051,-74.82771544
08078,BARANOA,08,ATLÁNTICO,10.79329302,-74.92219491
08137,CAMPO DE LA CRUZ,08,ATLÁNTICO,10.38405079,-74.88466039
08141,CANDELARIA,08,ATLÁNTICO,10.48902047,-74.87756627
08296,GALAPA,08,ATLÁNTICO,10.89771991,-74.88708788
08372,JUAN DE ACOSTA,08,ATLÁNTICO,10.82306503,-75.07841904
08421,LURUACO,08,ATLÁNTICO,10.63503116,-75.15402741
08433,MALAMBO,08,ATLÁNTICO,10.84828864,-74.80617555
08436,MANATÍ,08,ATLÁNTICO,10.45414555,-74.98477367
08520,PALMAR DE VARELA,08,ATLÁNTICO,10.69481208,-74.7701509
08549,PIOJÓ,08,ATLÁNTICO,10.74078959,-75.14366034
08558,POLONUEVO,08,ATLÁNTICO,10.76740141,-74.85414844
08560,PONEDERA,08,ATLÁNTICO,10.59465102,-74.79847316
08573,PUERTO COLOMBIA,08,ATLÁNTICO,11.0044226,-74.9074058
08606,REPELÓN,08,ATLÁNTICO,10.50757051,-75.12188053
08634,SABANAGRANDE,08,ATLÁNTICO,10.79894015,-74.7687966
08638,SABANALARGA,08,ATLÁNTICO,10.62250777,-74.95510542
08675,SANTA LUCÍA,08,ATLÁNTICO,10.35364192,-74.96541179
08685,SANTO TOMÁS,08,ATLÁNTICO,10.75562656,-74.78726468
08758,SOLEDAD,08,ATLÁNTICO,10.9069066,-74.7784249
08770,SUAN,08,ATLÁNTICO,10.31085035,-74.90713308
08832,TUBARÁ,08,ATLÁNTICO,10.90721938,-74.98423293
08849,USIACURÍ,08,ATLÁNTICO,10.74052266,-74.98267413
11001,"BOGOTÁ, D.C.",11,"BOGOTÁ, D.C.",4.316107698,-74.1810727
13001,CARTAGENA DE INDIAS,13,BOLÍVAR,10.46343362,-75.45889915
13006,ACHÍ,13,BOLÍVAR,8.622943262,-74.47805945
13030,ALTOS DEL ROSARIO,13,BOLÍVAR,8.757468863,-74.19515811
13042,ARENAL,13,BOLÍVAR,8.362996158,-74.10301905
13052,ARJONA,13,BOLÍVAR,10.16422123,-75.37121788
13062,ARROYOHONDO,13,BOLÍVAR,10.24171805,-75.02690422
13074,BARRANCO DE LOBA,13,BOLÍVAR,8.837077654,-74.27966531
13140,CALAMAR,13,BOLÍVAR,10.15517098,-74.99995949
13160,CANTAGALLO,13,BOLÍVAR,7.239229146,-74.10014043
13188,CICUCO,13,BOLÍVAR,9.235268598,-74.68840962
13212,CÓRDOBA,13,BOLÍVAR,9.540047515,-74.89445635
13222,CLEMENCIA,13,BOLÍVAR,10.55663696,-75.31446653
13244,EL CARMEN DE BOLÍVAR,13,BOLÍVAR,9.699819876,-75.15793573
13248,EL GUAMO,13,BOLÍVAR,10.03483672,-74.92811072
13268,EL PEÑÓN,13,BOLÍVAR,8.864818786,-73.91230147
13300,HATILLO DE LOBA,13,BOLÍVAR,8.981717133,-74.09071902
13430,MAGANGUÉ,13,BOLÍVAR,9.053135895,-74.70539318
13433,MAHATES,13,BOLÍVAR,10.17821391,-75.17978161
13440,MARGARITA,13,BOLÍVAR,9.054601889,-74.22584706
13442,MARÍA LA BAJA,13,BOLÍVAR,9.976017168,-75.34380265
13458,MONTECRISTO,13,BOLÍVAR,8.01710024,-74.46342911
13468,SANTA CRUZ DE MOMPOX,13,BOLÍVAR,9.142512064,-74.54519906
13473,MORALES,13,BOLÍVAR,8.253700061,-73.9713459
13490,NOROSÍ,13,BOLÍVAR,8.50613476,-74.11588912
13549,PINILLOS,13,BOLÍVAR,8.886315511,-74.40888476
13580,REGIDOR,13,BOLÍVAR,8.672628558,-73.91450679
13600,RÍO VIEJO,13,BOLÍVAR,8.559982465,-73.90298668
13620,SAN CRISTÓBAL,13,BOLÍVAR,10.36972087,-75.07333835
13647,SAN ESTANISLAO,13,BOLÍVAR,10.36468192,-75.20523487
13650,SAN FERNANDO,13,BOLÍVAR,9.081483143,-74.37186647
13654,SAN JACINTO,13,BOLÍVAR,9.835362011,-75.10609201
13655,SAN JACINTO DEL CAUCA,13,BOLÍVAR,8.212463202,-74.75082
13657,SAN JUAN NEPOMUCENO,13,BOLÍVAR,9.967957823,-75.06571959
13667,SAN MARTÍN DE LOBA,13,BOLÍVAR,8.816088444,-74.00599967
13670,SAN PABLO,13,BOLÍVAR,7.507922612,-74.10356977000001
13673,SANTA CATALINA,13,BOLÍVAR,10.64981278,-75.26548463
13683,SANTA ROSA,13,BOLÍVAR,10.46920726,-75.36116053
13688,SANTA ROSA DEL SUR,13,BOLÍVAR,7.772519173,-74.26272843
13744,SIMITÍ,13,BOLÍVAR,7.851315534,-73.98371609
13760,SOPLAVIENTO,13,BOLÍVAR,10.33209031,-75.11699226
13780,TALAIGUA NUEVO,13,BOLÍVAR,9.269516705,-74.58695233
13810,TIQUISIO,13,BOLÍVAR,8.492345176,-74.29676139
13836,TURBACO,13,BOLÍVAR,10.35310756,-75.37971541
13838,TURBANÁ,13,BOLÍVAR,10.25276929,-75.43270299
13873,VILLANUEVA,13,BOLÍVAR,10.4449132,-75.26736275
13894,ZAMBRANO,13,BOLÍVAR,9.745147021,-74.88067037
15001,TUNJA,15,BOYACÁ,5.518472615,-73.37801856
15022,ALMEIDA,15,BOYACÁ,4.954825081,-73.38813425
15047,AQUITANIA,15,BOYACÁ,5.437416373,-72.87149471
15051,ARCABUCO,15,BOYACÁ,5.73526424,-73.42793109
15087,BELÉN,15,BOYACÁ,6.005059265,-72.89369887
15090,BERBEO,15,BOYACÁ,5.230936356,-73.12731944
15092,BETÉITIVA,15,BOYACÁ,5.920858933,-72.84857876
15097,BOAVITA,15,BOYACÁ,6.337515626,-72.62021239
15104,BOYACÁ,15,BOYACÁ,5.439856216,-73.38136994
15106,BRICEÑO,15,BOYACÁ,5.673229265,-73.92660705
15109,BUENAVISTA,15,BOYACÁ,5.489399419,-73.95066255
15114,BUSBANZÁ,15,BOYACÁ,5.843483731,-72.87574623
15131,CALDAS,15,BOYACÁ,5.575990669,-73.88057508
15135,CAMPOHERMOSO,15,BOYACÁ,5.006862536,-73.1446703
15162,CERINZA,15,BOYACÁ,5.962013698,-72.96447288
15172,CHINAVITA,15,BOYACÁ,5.202971639,-73.34048074
15176,CHIQUINQUIRÁ,15,BOYACÁ,5.622488024,-73.80424531
15180,CHISCAS,15,BOYACÁ,6.68911806,-72.41795675
15183,CHITA,15,BOYACÁ,6.091468485,-72.43903174
15185,CHITARAQUE,15,BOYACÁ,5.984394625,-73.42582375
15187,CHIVATÁ,15,BOYACÁ,5.556830465,-73.26061715
15189,CIÉNEGA,15,BOYACÁ,5.393059633,-73.28205772
15204,CÓMBITA,15,BOYACÁ,5.667822366,-73.32137049
15212,COPER,15,BOYACÁ,5.452461072,-74.05996578
15215,CORRALES,15,BOYACÁ,5.82454582,-72.84544845
15218,COVARACHÍA,15,BOYACÁ,6.519521476,-72.74020421
15223,CUBARÁ,15,BOYACÁ,6.886954878,-72.18156285
15224,CUCAITA,15,BOYACÁ,5.527104109,-73.44598646
15226,CUÍTIVA,15,BOYACÁ,5.58775449,-72.93953686
15232,CHÍQUIZA,15,BOYACÁ,5.643075648,-73.44562391
15236,CHIVOR,15,BOYACÁ,4.871181606,-73.36142379
15238,DUITAMA,15,BOYACÁ,5.890602515,-73.06709484
15244,EL COCUY,15,BOYACÁ,6.353363177,-72.41923752
15248,EL ESPINO,15,BOYACÁ,6.508240556,-72.48049625
15272,FIRAVITOBA,15,BOYACÁ,5.67367659,-73.01983352
15276,FLORESTA,15,BOYACÁ,5.85899211,-72.92499827
15293,GACHANTIVÁ,15,BOYACÁ,5.744105975,-73.5426552
15296,GÁMEZA,15,BOYACÁ,5.799050256,-72.72964765
15299,GARAGOA,15,BOYACÁ,5.089466651,-73.31430272
15317,GUACAMAYAS,15,BOYACÁ,6.445438546,-72.51635332
15322,GUATEQUE,15,BOYACÁ,5.01450831,-73.48812352
15325,GUAYATÁ,15,BOYACÁ,4.931424341,-73.49663372
15332,GÜICÁN DE LA SIERRA,15,BOYACÁ,6.566991765,-72.25599334
15362,IZA,15,BOYACÁ,5.617366016,-72.96986504
15367,JENESANO,15,BOYACÁ,5.38916272,-73.40087021
15368,JERICÓ,15,BOYACÁ,6.155633662,-72.58523093
15377,LABRANZAGRANDE,15,BOYACÁ,5.541378132,-72.5903846
15380,LA CAPILLA,15,BOYACÁ,5.113167102,-73.45923708
15401,LA VICTORIA,15,BOYACÁ,5.507008121,-74.24162727
15403,LA UVITA,15,BOYACÁ,6.265126191,-72.55551085
15407,VILLA DE LEYVA,15,BOYACÁ,5.665762424,-73.514948
15425,MACANAL,15,BOYACÁ,4.980176495,-73.29413695
15442,MARIPÍ,15,BOYACÁ,5.569810633,-74.02003127
15455,MIRAFLORES,15,BOYACÁ,5.150953297,-73.17896722
15464,MONGUA,15,BOYACÁ,5.710937981,-72.63402875
15466,MONGUÍ,15,BOYACÁ,5.697352228,-72.83298664
15469,MONIQUIRÁ,15,BOYACÁ,5.863370485,-73.55852538
15476,MOTAVITA,15,BOYACÁ,5.606192449,-73.37734267
15480,MUZO,15,BOYACÁ,5.539429272,-74.11177139
15491,NOBSA,15,BOYACÁ,5.778759851,-72.93268324
15494,NUEVO COLÓN,15,BOYACÁ,5.354701485,-73.44873424
15500,OICATÁ,15,BOYACÁ,5.610787844,-73.27991905
15507,OTANCHE,15,BOYACÁ,5.753787787,-74.19719423
15511,PACHAVITA,15,BOYACÁ,5.148323877,-73.39951219
15514,PÁEZ,15,BOYACÁ,5.095211035,-73.00435863
15516,PAIPA,15,BOYACÁ,5.762027786,-73.13777442
15518,PAJARITO,15,BOYACÁ,5.382328949,-72.69672674
15522,PANQUEBA,15,BOYACÁ,6.443299758,-72.46182431
15531,PAUNA,15,BOYACÁ,5.688801559,-74.00504122
15533,PAYA,15,BOYACÁ,5.621242742,-72.3692906
15537,PAZ DE RÍO,15,BOYACÁ,6.030008561,-72.75988018
15542,PESCA,15,BOYACÁ,5.498483324,-73.07837993
15550,PISBA,15,BOYACÁ,5.768131812,-72.43993232
15572,PUERTO BOYACÁ,15,BOYACÁ,5.953466654,-74.4528581
15580,QUÍPAMA,15,BOYACÁ,5.595729831,-74.26857067
15599,RAMIRIQUÍ,15,BOYACÁ,5.319934092,-73.310779
15600,RÁQUIRA,15,BOYACÁ,5.496268621,-73.62894438
15621,RONDÓN,15,BOYACÁ,5.379947879,-73.19650995
15632,SABOYÁ,15,BOYACÁ,5.699926051,-73.74799466
15638,SÁCHICA,15,BOYACÁ,5.573464882,-73.543102
15646,SAMACÁ,15,BOYACÁ,5.47053997,-73.5211756
15660,SAN EDUARDO,15,BOYACÁ,5.234614686,-73.04914067
15664,SAN JOSÉ DE PARE,15,BOYACÁ,5.994154088,-73.54386522
15667,SAN LUIS DE GACENO,15,BOYACÁ,4.798203543,-73.13397018
15673,SAN MATEO,15,BOYACÁ,6.395388812,-72.55184862
15676,SAN MIGUEL DE SEMA,15,BOYACÁ,5.532326922,-73.74715898
15681,SAN PABLO DE BORBUR,15,BOYACÁ,5.677345066,-74.11403749
15686,SANTANA,15,BOYACÁ,6.057614971,-73.48974828
15690,SANTA MARÍA,15,BOYACÁ,4.823002556,-73.25377506
15693,SANTA ROSA DE VITERBO,15,BOYACÁ,5.892950301,-72.9917278
15696,SANTA SOFÍA,15,BOYACÁ,5.731602716,-73.60366287
15720,SATIVANORTE,15,BOYACÁ,6.13211793,-72.73032415
15723,SATIVASUR,15,BOYACÁ,6.083405978,-72.72410815
15740,SIACHOQUE,15,BOYACÁ,5.498747701,-73.21681778
15753,SOATÁ,15,BOYACÁ,6.323088045,-72.69604089
15755,SOCOTÁ,15,BOYACÁ,5.906513772,-72.53646361
15757,SOCHA,15,BOYACÁ,5.960498836,-72.68239784
15759,SOGAMOSO,15,BOYACÁ,5.646672053,-72.8709565
15761,SOMONDOCO,15,BOYACÁ,4.970974064,-73.42878785
15762,SORA,15,BOYACÁ,5.580573191,-73.44371838
15763,SOTAQUIRÁ,15,BOYACÁ,5.763010553,-73.24352232
15764,SORACÁ,15,BOYACÁ,5.494890461,-73.31899997
15774,SUSACÓN,15,BOYACÁ,6.215200578,-72.71575634
15776,SUTAMARCHÁN,15,BOYACÁ,5.640030759,-73.62598773
15778,SUTATENZA,15,BOYACÁ,5.030711335,-73.41224401
15790,TASCO,15,BOYACÁ,5.882294313,-72.72626817
15798,TENZA,15,BOYACÁ,5.071413139,-73.42479699
15804,TIBANÁ,15,BOYACÁ,5.301116649,-73.3932521
15806,TIBASOSA,15,BOYACÁ,5.747329389,-73.01114724
15808,TINJACÁ,15,BOYACÁ,5.577566497,-73.67614572
15810,TIPACOQUE,15,BOYACÁ,6.42035349,-72.69463583
15814,TOCA,15,BOYACÁ,5.580254287,-73.1606969
15816,TOGÜÍ,15,BOYACÁ,5.921830062,-73.48921806
15820,TÓPAGA,15,BOYACÁ,5.765350303,-72.83672958
15822,TOTA,15,BOYACÁ,5.501297215,-72.99633297
15832,TUNUNGUÁ,15,BOYACÁ,5.720301516,-73.94330927
15835,TURMEQUÉ,15,BOYACÁ,5.305697418,-73.50908714
15837,TUTA,15,BOYACÁ,5.678126998,-73.17343053
15839,TUTAZÁ,15,BOYACÁ,6.078051903,-72.85707832
15842,ÚMBITA,15,BOYACÁ,5.217241368,-73.46338477
15861,VENTAQUEMADA,15,BOYACÁ,5.383385481,-73.52097942
15879,VIRACACHÁ,15,BOYACÁ,5.440558216,-73.26627456
15897,ZETAQUIRA,15,BOYACÁ,5.285635983,-73.16763091
17001,MANIZALES,17,CALDAS,5.08343301,-75.50727881
17013,AGUADAS,17,CALDAS,5.616204006,-75.4554471
17042,ANSERMA,17,CALDAS,5.20029922,-75.75289078
17050,ARANZAZU,17,CALDAS,5.265539969,-75.47392619
17088,BELALCÁZAR,17,CALDAS,4.99467728,-75.81225989
17174,CHINCHINÁ,17,CALDAS,4.974340569,-75.65954686
17272,FILADELFIA,17,CALDAS,5.285743777,-75.58978784
17380,LA DORADA,17,CALDAS,5.410515691,-74.72114262
17388,LA MERCED,17,CALDAS,5.393185716,-75.55791071
17433,MANZANARES,17,CALDAS,5.23295391,-75.15263447
17442,MARMATO,17,CALDAS,5.492632029,-75.60209955
17444,MARQUETALIA,17,CALDAS,5.309142491,-75.04117892
17446,MARULANDA,17,CALDAS,5.235585244,-75.28316648
17486,NEIRA,17,CALDAS,5.183358589,-75.50692977
17495,NORCASIA,17,CALDAS,5.638062349,-74.85492707
17513,PÁCORA,17,CALDAS,5.500035035,-75.48245057
17524,PALESTINA,17,CALDAS,5.050342543,-75.66176266
17541,PENSILVANIA,17,CALDAS,5.407187836,-75.16683996
17614,RIOSUCIO,17,CALDAS,5.442275418,-75.75220499
17616,RISARALDA,17,CALDAS,5.097563816,-75.73335166
17653,SALAMINA,17,CALDAS,5.370332425,-75.40962177
17662,SAMANÁ,17,CALDAS,5.519692873,-74.99718577
17665,SAN JOSÉ,17,CALDAS,5.083424513,-75.8101789
17777,SUPÍA,17,CALDAS,5.45295802,-75.64035705
17867,VICTORIA,17,CALDAS,5.447542859,-74.83622502
17873,VILLAMARÍA,17,CALDAS,4.940211591,-75.43544014
17877,VITERBO,17,CALDAS,5.047822054,-75.879297
18001,FLORENCIA,18,CAQUETÁ,1.749138704,-75.55823906
18029,ALBANIA,18,CAQUETÁ,1.22786549,-75.88232651
18094,BELÉN DE LOS ANDAQUÍES,18,CAQUETÁ,1.536174657,-75.90947504
18150,CARTAGENA DEL CHAIRÁ,18,CAQUETÁ,0.647693081,-74.27235499
18205,CURILLO,18,CAQUETÁ,1.115379292,-75.97328452
18247,EL DONCELLO,18,CAQUETÁ,1.713734697,-75.26878109
18256,EL PAUJÍL,18,CAQUETÁ,1.476630016,-75.20231825
18410,LA MONTAÑITA,18,CAQUETÁ,1.302860442,-75.23572732
18460,MILÁN,18,CAQUETÁ,1.146692554,-75.38664764
18479,MORELIA,18,CAQUETÁ,1.38299611,-75.67381123
18592,PUERTO RICO,18,CAQUETÁ,2.018940891,-75.07308627
18610,SAN JOSÉ DEL FRAGUA,18,CAQUETÁ,1.304702314,-76.11000594
18753,SAN VICENTE DEL CAGUÁN,18,CAQUETÁ,1.308465061,-74.19746971
18756,SOLANO,18,CAQUETÁ,0.096131862,-72.32036402
18785,SOLITA,18,CAQUETÁ,0.943939454,-75.64668544
18860,VALPARAÍSO,18,CAQUETÁ,1.07534915,-75.73779004
19001,POPAYÁN,19,CAUCA,2.471704362,-76.59194419
19022,ALMAGUER,19,CAUCA,1.912440521,-76.83494519
19050,ARGELIA,19,CAUCA,2.329337283,-77.26314906
19075,BALBOA,19,CAUCA,2.084732945,-77.2088133
19100,BOLÍVAR,19,CAUCA,1.853951938,-76.96337454
19110,BUENOS AIRES,19,CAUCA,2.988923885,-76.62158951
19130,CAJIBÍO,19,CAUCA,2.643209848,-76.70138914
19137,CALDONO,19,CAUCA,2.803845691,-76.42719377
19142,CALOTO,19,CAUCA,3.062875557,-76.32127977
19212,CORINTO,19,CAUCA,3.136753606,-76.20964569
19256,EL TAMBO,19,CAUCA,2.534488312,-77.00511207
19290,FLORENCIA,19,CAUCA,1.69453474,-77.08735723
19300,GUACHENÉ,19,CAUCA,3.144389993,-76.39234811
19318,GUAPI,19,CAUCA,2.41326696,-77.69047531
19355,INZÁ,19,CAUCA,2.499058783,-76.13762531
19364,JAMBALÓ,19,CAUCA,2.84981013,-76.31124919
19392,LA SIERRA,19,CAUCA,2.187473572,-76.78228032
19397,LA VEGA,19,CAUCA,2.053933426,-76.7588062
19418,LÓPEZ DE MICAY,19,CAUCA,2.95819877,-77.24212158
19450,MERCADERES,19,CAUCA,1.793825164,-77.18060381
19455,MIRANDA,19,CAUCA,3.228235212,-76.21670827
19473,MORALES,19,CAUCA,2.773663981,-76.74605152
19513,PADILLA,19,CAUCA,3.194730618,-76.3362418
19517,PÁEZ,19,CAUCA,2.733887702,-75.99368264
19532,PATÍA,19,CAUCA,2.157983906,-77.0465762
19533,PIAMONTE,19,CAUCA,1.054128816,-76.4443271
19548,PIENDAMÓ - TUNÍA,19,CAUCA,2.702420026,-76.53770455
19573,PUERTO TEJADA,19,CAUCA,3.266724205,-76.41846353
19585,PURACÉ,19,CAUCA,2.262153618,-76.44826938
19622,ROSAS,19,CAUCA,2.260421954,-76.74582033
19693,SAN SEBASTIÁN,19,CAUCA,1.856261815,-76.71652424
19698,SANTANDER DE QUILICHAO,19,CAUCA,2.984467338,-76.49873145
19701,SANTA ROSA,19,CAUCA,1.52002179,-76.53876281
19743,SILVIA,19,CAUCA,2.651291894,-76.35057356
19760,SOTARÁ PAISPAMBA,19,CAUCA,2.231820541,-76.61146633
19780,SUÁREZ,19,CAUCA,2.936865997,-76.7458243
19785,SUCRE,19,CAUCA,2.057735184,-76.90993965
19807,TIMBÍO,19,CAUCA,2.369625312,-76.71051932
19809,TIMBIQUÍ,19,CAUCA,2.699475127,-77.49131577
19821,TORIBÍO,19,CAUCA,2.975771999,-76.20331566
19824,TOTORÓ,19,CAUCA,2.475213085,-76.39675937
19845,VILLA RICA,19,CAUCA,3.180627317,-76.46445558
20001,VALLEDUPAR,20,CESAR,10.21890277,-73.45784764
20011,AGUACHICA,20,CESAR,8.248735219,-73.6227405
20013,AGUSTÍN CODAZZI,20,CESAR,9.949215908,-73.22358244
20032,ASTREA,20,CESAR,9.510727925,-73.94214641
20045,BECERRIL,20,CESAR,9.727732939,-73.25250522
20060,BOSCONIA,20,CESAR,9.946391309,-73.86628815
20175,CHIMICHAGUA,20,CESAR,9.27797765,-73.84697903
20178,CHIRIGUANÁ,20,CESAR,9.426648354,-73.54797894
20228,CURUMANÍ,20,CESAR,9.238771332,-73.48810861
20238,EL COPEY,20,CESAR,10.19995356,-73.91282064
20250,EL PASO,20,CESAR,9.683474681,-73.73833778
20295,GAMARRA,20,CESAR,8.337726622,-73.70649199
20310,GONZÁLEZ,20,CESAR,8.405516522,-73.37537309
20383,LA GLORIA,20,CESAR,8.588002247,-73.61602384
20400,LA JAGUA DE IBIRICO,20,CESAR,9.52099808,-73.32249338
20443,MANAURE BALCÓN DEL CESAR,20,CESAR,10.38027852,-73.00706275
20517,PAILITAS,20,CESAR,8.938916143,-73.57247213
20550,PELAYA,20,CESAR,8.764116734,-73.63295546
20570,PUEBLO BELLO,20,CESAR,10.41736874,-73.61450632
20614,RÍO DE ORO,20,CESAR,8.201070245,-73.48750127
20621,LA PAZ,20,CESAR,10.24440562,-73.07824569
20710,SAN ALBERTO,20,CESAR,7.769815987,-73.47218888
20750,SAN DIEGO,20,CESAR,10.16952712,-73.2879827
20770,SAN MARTÍN,20,CESAR,7.937788454,-73.54436312
20787,TAMALAMEQUE,20,CESAR,8.902075012,-73.7633962
23001,MONTERÍA,23,CÓRDOBA,8.584698016,-75.95055079
23068,AYAPEL,23,CÓRDOBA,8.265768688,-75.04868436
23079,BUENAVISTA,23,CÓRDOBA,8.191397953,-75.43382532
23090,CANALETE,23,CÓRDOBA,8.7240958,-76.23779081
23162,CERETÉ,23,CÓRDOBA,8.895667051,-75.87842391
23168,CHIMÁ,23,CÓRDOBA,9.11024941,-75.65237351
23182,CHINÚ,23,CÓRDOBA,9.053287104,-75.37387363
23189,CIÉNAGA DE ORO,23,CÓRDOBA,8.841811894,-75.60779829
23300,COTORRA,23,CÓRDOBA,9.071460219,-75.75459276
23350,LA APARTADA,23,CÓRDOBA,8.052218422,-75.28816022
23417,LORICA,23,CÓRDOBA,9.165034998,-75.90978124
23419,LOS CÓRDOBAS,23,CÓRDOBA,8.823307063,-76.3430552
23464,MOMIL,23,CÓRDOBA,9.265461621,-75.65090876
23466,MONTELÍBANO,23,CÓRDOBA,7.866432635,-75.87533926
23500,MOÑITOS,23,CÓRDOBA,9.190515343,-76.11931709
23555,PLANETA RICA,23,CÓRDOBA,8.181108488,-75.68923803
23570,PUEBLO NUEVO,23,CÓRDOBA,8.481339568,-75.40516154
23574,PUERTO ESCONDIDO,23,CÓRDOBA,8.988667731,-76.19405912
23580,PUERTO LIBERTADOR,23,CÓRDOBA,7.711515736,-75.77123224
23586,PURÍSIMA DE LA CONCEPCIÓN,23,CÓRDOBA,9.282386127,-75.72129392
23660,SAHAGÚN,23,CÓRDOBA,8.799007016,-75.42925664
23670,SAN ANDRÉS DE SOTAVENTO,23,CÓRDOBA,9.121296353,-75.52091711
23672,SAN ANTERO,23,CÓRDOBA,9.359667489,-75.78700252
23675,SAN BERNARDO DEL VIENTO,23,CÓRDOBA,9.330098329,-75.97623858
23678,SAN CARLOS,23,CÓRDOBA,8.706464263,-75.69251825
23682,SAN JOSÉ DE URÉ,23,CÓRDOBA,7.753054395,-75.5672474
23686,SAN PELAYO,23,CÓRDOBA,8.987777392,-75.90958771
23807,TIERRALTA,23,CÓRDOBA,7.813896829,-76.16846678
23815,TUCHÍN,23,CÓRDOBA,9.224630803,-75.54410593
23855,VALENCIA,23,CÓRDOBA,8.219904128,-76.2213286
25001,AGUA DE DIOS,25,CUNDINAMARCA,4.372744676,-74.67111051
25019,ALBÁN,25,CUNDINAMARCA,4.891121638,-74.44278432
25035,ANAPOIMA,25,CUNDINAMARCA,4.559962881,-74.5256953
25040,ANOLAIMA,25,CUNDINAMARCA,4.789313614,-74.46194256
25053,ARBELÁEZ,25,CUNDINAMARCA,4.232786985,-74.39576291
25086,BELTRÁN,25,CUNDINAMARCA,4.791721105,-74.71491399
25095,BITUIMA,25,CUNDINAMARCA,4.847821091,-74.52862766
25099,BOJACÁ,25,CUNDINAMARCA,4.705576252,-74.3354077
25120,CABRERA,25,CUNDINAMARCA,3.91861924,-74.44615606
25123,CACHIPAY,25,CUNDINAMARCA,4.723063341,-74.45919528
25126,CAJICÁ,25,CUNDINAMARCA,4.930402779,-74.02985115
25148,CAPARRAPÍ,25,CUNDINAMARCA,5.381501399,-74.52123595
25151,CÁQUEZA,25,CUNDINAMARCA,4.402259457,-73.94482435
25154,CARMEN DE CARUPA,25,CUNDINAMARCA,5.338856556,-73.92614817
25168,CHAGUANÍ,25,CUNDINAMARCA,4.95425175,-74.63090139
25175,CHÍA,25,CUNDINAMARCA,4.857823671,-74.03809539
25178,CHIPAQUE,25,CUNDINAMARCA,4.463746629,-74.04605246
25181,CHOACHÍ,25,CUNDINAMARCA,4.578183896,-73.95290054
25183,CHOCONTÁ,25,CUNDINAMARCA,5.118419271,-73.68068583
25200,COGUA,25,CUNDINAMARCA,5.103127532,-73.97536559
25214,COTA,25,CUNDINAMARCA,4.76754674,-74.1415583
25224,CUCUNUBÁ,25,CUNDINAMARCA,5.230308105,-73.78001885
25245,EL COLEGIO,25,CUNDINAMARCA,4.556947085,-74.42658478
25258,EL PEÑÓN,25,CUNDINAMARCA,5.261728244,-74.30830564
25260,EL ROSAL,25,CUNDINAMARCA,4.879723016,-74.23802273
25269,FACATATIVÁ,25,CUNDINAMARCA,4.834052334,-74.3380229
25279,FÓMEQUE,25,CUNDINAMARCA,4.528568462,-73.79705267
25281,FOSCA,25,CUNDINAMARCA,4.316280072,-73.95286784
25286,FUNZA,25,CUNDINAMARCA,4.743996711,-74.19865992
25288,FÚQUENE,25,CUNDINAMARCA,5.416288902,-73.77059829
25290,FUSAGASUGÁ,25,CUNDINAMARCA,4.323534028,-74.38859114
25293,GACHALÁ,25,CUNDINAMARCA,4.65495513,-73.51055381
25295,GACHANCIPÁ,25,CUNDINAMARCA,5.01001953,-73.87671759
25297,GACHETÁ,25,CUNDINAMARCA,4.867551134,-73.61773287
25299,GAMA,25,CUNDINAMARCA,4.723573464,-73.60054441
25307,GIRARDOT,25,CUNDINAMARCA,4.338154518,-74.81143922
25312,GRANADA,25,CUNDINAMARCA,4.523484884,-74.33724619
25317,GUACHETÁ,25,CUNDINAMARCA,5.387291542,-73.69328234
25320,GUADUAS,25,CUNDINAMARCA,5.173554764,-74.64014651
25322,GUASCA,25,CUNDINAMARCA,4.801276832,-73.84643485
25324,GUATAQUÍ,25,CUNDINAMARCA,4.516381655,-74.78257788
25326,GUATAVITA,25,CUNDINAMARCA,4.91158717,-73.78648564
25328,GUAYABAL DE SÍQUIMA,25,CUNDINAMARCA,4.866310254,-74.4767709
25335,GUAYABETAL,25,CUNDINAMARCA,4.231875945,-73.83543981
25339,GUTIÉRREZ,25,CUNDINAMARCA,4.166089563,-74.0246527
25368,JERUSALÉN,25,CUNDINAMARCA,4.571350254,-74.68915854
25372,JUNÍN,25,CUNDINAMARCA,4.705170789,-73.69247873
25377,LA CALERA,25,CUNDINAMARCA,4.700785443,-73.92939921
25386,LA MESA,25,CUNDINAMARCA,4.650773167,-74.47321717
25394,LA PALMA,25,CUNDINAMARCA,5.333400646,-74.40807863
25398,LA PEÑA,25,CUNDINAMARCA,5.20459882,-74.40786611
25402,LA VEGA,25,CUNDINAMARCA,4.978619842,-74.33936061
25407,LENGUAZAQUE,25,CUNDINAMARCA,5.303637171,-73.68153228
25426,MACHETÁ,25,CUNDINAMARCA,5.040349198,-73.61738241
25430,MADRID,25,CUNDINAMARCA,4.75156751,-74.2896305
25436,MANTA,25,CUNDINAMARCA,4.976881151,-73.56313741
25438,MEDINA,25,CUNDINAMARCA,4.484437919,-73.40598487
25473,MOSQUERA,25,CUNDINAMARCA,4.672714223,-74.23573194
25483,NARIÑO,25,CUNDINAMARCA,4.407952015,-74.80565317
25486,NEMOCÓN,25,CUNDINAMARCA,5.093705358,-73.88380238
25488,NILO,25,CUNDINAMARCA,4.294780933,-74.614695
25489,NIMAIMA,25,CUNDINAMARCA,5.121445325,-74.39737048
25491,NOCAIMA,25,CUNDINAMARCA,5.066110761,-74.38975476
25506,VENECIA,25,CUNDINAMARCA,4.063342074,-74.45259796
25513,PACHO,25,CUNDINAMARCA,5.168367634,-74.16336544
25518,PAIME,25,CUNDINAMARCA,5.387647345,-74.16395696
25524,PANDI,25,CUNDINAMARCA,4.180497268,-74.4711213
25530,PARATEBUENO,25,CUNDINAMARCA,4.368158959,-73.2416614
25535,PASCA,25,CUNDINAMARCA,4.293733611,-74.27396924
25572,PUERTO SALGAR,25,CUNDINAMARCA,5.619752748,-74.5801923
25580,PULÍ,25,CUNDINAMARCA,4.691336253,-74.68074404
25592,QUEBRADANEGRA,25,CUNDINAMARCA,5.09998103,-74.4945107
25594,QUETAME,25,CUNDINAMARCA,4.334589044,-73.85264561
25596,QUIPILE,25,CUNDINAMARCA,4.726907976,-74.55359926
25599,APULO,25,CUNDINAMARCA,4.537711619,-74.59124656
25612,RICAURTE,25,CUNDINAMARCA,4.307363489,-74.72943403
25645,SAN ANTONIO DEL TEQUENDAMA,25,CUNDINAMARCA,4.599741357,-74.34490342
25649,SAN BERNARDO,25,CUNDINAMARCA,4.140958464,-74.35397692
25653,SAN CAYETANO,25,CUNDINAMARCA,5.314600423,-74.07232077
25658,SAN FRANCISCO,25,CUNDINAMARCA,4.964100703,-74.27217129
25662,SAN JUAN DE RIOSECO,25,CUNDINAMARCA,4.814537831,-74.61525985
25718,SASAIMA,25,CUNDINAMARCA,4.946805263,-74.41230921
25736,SESQUILÉ,25,CUNDINAMARCA,5.000633875,-73.77206544
25740,SIBATÉ,25,CUNDINAMARCA,4.465970004,-74.26328963
25743,SILVANIA,25,CUNDINAMARCA,4.436967141,-74.37050903
25745,SIMIJACA,25,CUNDINAMARCA,5.509773128,-73.84519164
25754,SOACHA,25,CUNDINAMARCA,4.581866267,-74.24029696
25758,SOPÓ,25,CUNDINAMARCA,4.888060112,-73.96587528
25769,SUBACHOQUE,25,CUNDINAMARCA,4.970358034,-74.15689923
25772,SUESCA,25,CUNDINAMARCA,5.122728461,-73.82427313
25777,SUPATÁ,25,CUNDINAMARCA,5.061692703,-74.23138328
25779,SUSA,25,CUNDINAMARCA,5.440092358,-73.82392529
25781,SUTATAUSA,25,CUNDINAMARCA,5.242909347,-73.85540343
25785,TABIO,25,CUNDINAMARCA,4.951520046,-74.08449648
25793,TAUSA,25,CUNDINAMARCA,5.170527212,-73.95819594
25797,TENA,25,CUNDINAMARCA,4.666608192,-74.36764956
25799,TENJO,25,CUNDINAMARCA,4.838548601,-74.14680287
25805,TIBACUY,25,CUNDINAMARCA,4.321357899,-74.48667274
25807,TIBIRITA,25,CUNDINAMARCA,5.084102682,-73.51362546
25815,TOCAIMA,25,CUNDINAMARCA,4.452072974,-74.64864406
25817,TOCANCIPÁ,25,CUNDINAMARCA,4.968852913,-73.92887021
25823,TOPAIPÍ,25,CUNDINAMARCA,5.355688386,-74.28963994
25839,UBALÁ,25,CUNDINAMARCA,4.803805182,-73.47654604
25841,UBAQUE,25,CUNDINAMARCA,4.500754182,-73.97564545
25843,VILLA DE SAN DIEGO DE UBATÉ,25,CUNDINAMARCA,5.316080652,-73.82010566
25845,UNE,25,CUNDINAMARCA,4.244611163,-74.11187304
25851,ÚTICA,25,CUNDINAMARCA,5.192795708,-74.47780003
25862,VERGARA,25,CUNDINAMARCA,5.131267542,-74.30979229
25867,VIANÍ,25,CUNDINAMARCA,4.914040619,-74.54936655
25871,VILLAGÓMEZ,25,CUNDINAMARCA,5.270694636,-74.19074375
25873,VILLAPINZÓN,25,CUNDINAMARCA,5.227298709,-73.57725921
25875,VILLETA,25,CUNDINAMARCA,5.011670402,-74.48764746
25878,VIOTÁ,25,CUNDINAMARCA,4.436054105,-74.48543339
25885,YACOPÍ,25,CUNDINAMARCA,5.591910157,-74.36480865
25898,ZIPACÓN,25,CUNDINAMARCA,4.75432173,-74.38673444
25899,ZIPAQUIRÁ,25,CUNDINAMARCA,5.06631685,-74.04960323
27001,QUIBDÓ,27,CHOCÓ,5.7543229,-76.65015147
27006,ACANDÍ,27,CHOCÓ,8.383938499,-77.26560256
27025,ALTO BAUDÓ,27,CHOCÓ,5.636740989,-77.0842154
27050,ATRATO,27,CHOCÓ,5.525825084,-76.65064357
27073,BAGADÓ,27,CHOCÓ,5.503119772,-76.19796907
27075,BAHÍA SOLANO,27,CHOCÓ,6.162762775,-77.41653534
27077,BAJO BAUDÓ,27,CHOCÓ,4.492865435,-77.08271352
27099,BOJAYÁ,27,CHOCÓ,6.474666885,-77.09933025
27135,EL CANTÓN DEL SAN PABLO,27,CHOCÓ,5.359661967,-76.77255624
27150,CARMEN DEL DARIÉN,27,CHOCÓ,7.033646541,-76.97423016
27160,CÉRTEGUI,27,CHOCÓ,5.389828229,-76.52264237
27205,CONDOTO,27,CHOCÓ,5.070586101,-76.50701751
27245,EL CARMEN DE ATRATO,27,CHOCÓ,5.810938364,-76.19189442
27250,EL LITORAL DEL SAN JUAN,27,CHOCÓ,4.272940191,-76.98785828
27361,ISTMINA,27,CHOCÓ,4.586818665,-77.00090737
27372,JURADÓ,27,CHOCÓ,7.103338868,-77.67973662
27413,LLORÓ,27,CHOCÓ,5.585101179,-76.38544449
27425,MEDIO ATRATO,27,CHOCÓ,6.033880098,-76.6734697
27430,MEDIO BAUDÓ,27,CHOCÓ,5.110392243,-76.99593075
27450,MEDIO SAN JUAN,27,CHOCÓ,4.621182739,-76.80861843
27491,NÓVITA,27,CHOCÓ,4.853386627,-76.61823669
27495,NUQUÍ,27,CHOCÓ,5.591359844,-77.33057439
27580,RÍO IRÓ,27,CHOCÓ,5.190995015,-76.41996151
27600,RÍO QUITO,27,CHOCÓ,5.567533337,-76.81157084
27615,RIOSUCIO,27,CHOCÓ,7.389887937,-77.24067483
27660,SAN JOSÉ DEL PALMAR,27,CHOCÓ,4.958741345,-76.28002361
27745,SIPÍ,27,CHOCÓ,4.594415157,-76.54194459
27787,TADÓ,27,CHOCÓ,5.26610158,-76.33109547
27800,UNGUÍA,27,CHOCÓ,8.117281079,-77.10372723
27810,UNIÓN PANAMERICANA,27,CHOCÓ,5.281599258,-76.61962746
41001,NEIVA,41,HUILA,2.993360046,-75.27236232
41006,ACEVEDO,41,HUILA,1.709114446,-75.99664184
41013,AGRADO,41,HUILA,2.26975042,-75.71632236
41016,AIPE,41,HUILA,3.243441923,-75.27670655
41020,ALGECIRAS,41,HUILA,2.49785068,-75.29134946
41026,ALTAMIRA,41,HUILA,2.07922808,-75.76858288
41078,BARAYA,41,HUILA,3.135423634,-74.95797796
41132,CAMPOALEGRE,41,HUILA,2.658666675,-75.32943803
41206,COLOMBIA,41,HUILA,3.262763564,-74.78516117
41244,ELÍAS,41,HUILA,2.022053305,-75.94430521
41298,GARZÓN,41,HUILA,2.172441496,-75.57131243
41306,GIGANTE,41,HUILA,2.371781539,-75.51699754
41319,GUADALUPE,41,HUILA,1.984394016,-75.69693549
41349,HOBO,41,HUILA,2.541654161,-75.44781083
41357,ÍQUIRA,41,HUILA,2.691517773,-75.67383141
41359,ISNOS,41,HUILA,1.945591321,-76.18204722
41378,LA ARGENTINA,41,HUILA,2.156287619,-76.00679451
41396,LA PLATA,41,HUILA,2.328076586,-76.00117299
41483,NÁTAGA,41,HUILA,2.576066285,-75.78693757
41503,OPORAPA,41,HUILA,2.061191362,-76.04110289
41518,PAICOL,41,HUILA,2.40689827,-75.72803027
41524,PALERMO,41,HUILA,2.914491967,-75.44066118
41530,PALESTINA,41,HUILA,1.68458076,-76.1478559
41548,PITAL,41,HUILA,2.259601773,-75.8319516
41551,PITALITO,41,HUILA,1.848217185,-76.05217643
41615,RIVERA,41,HUILA,2.79286115,-75.23536868
41660,SALADOBLANCO,41,HUILA,2.100382849,-76.22897871
41668,SAN AGUSTÍN,41,HUILA,1.924165493,-76.4165655
41676,SANTA MARÍA,41,HUILA,2.926265937,-75.63359786
41770,SUAZA,41,HUILA,1.870992095,-75.80798471
41791,TARQUI,41,HUILA,2.130280544,-75.87534845
41797,TESALIA,41,HUILA,2.526855132,-75.68259642
41799,TELLO,41,HUILA,3.030611777,-75.08536553
41801,TERUEL,41,HUILA,2.851852692,-75.75988934
41807,TIMANÁ,41,HUILA,1.950715226,-75.91757649
41872,VILLAVIEJA,41,HUILA,3.287057875,-75.13838292
41885,YAGUARÁ,41,HUILA,2.646563339,-75.51592645
44001,RIOHACHA,44,LA GUAJIRA,11.24297214,-72.95876315
44035,ALBANIA,44,LA GUAJIRA,11.22869049,-72.53209657
44078,BARRANCAS,44,LA GUAJIRA,10.94871677,-72.69696879
44090,DIBULLA,44,LA GUAJIRA,11.09029715,-73.43568788
44098,DISTRACCIÓN,44,LA GUAJIRA,10.92505107,-72.94444027
44110,EL MOLINO,44,LA GUAJIRA,10.63669646,-72.8858431
44279,FONSECA,44,LA GUAJIRA,10.8283716,-72.8018178
44378,HATONUEVO,44,LA GUAJIRA,11.09905582,-72.73842427
44420,LA JAGUA DEL PILAR,44,LA GUAJIRA,10.4580941,-73.07209193
44430,MAICAO,44,LA GUAJIRA,11.38157764,-72.29500818
44560,MANAURE,44,LA GUAJIRA,11.60554263,-72.57160392
44650,SAN JUAN DEL CESAR,44,LA GUAJIRA,10.81311496,-73.08659986
44847,URIBIA,44,LA GUAJIRA,11.99971986,-71.74882662
44855,URUMITA,44,LA GUAJIRA,10.4947021,-72.98623991
44874,VILLANUEVA,44,LA GUAJIRA,10.58364755,-72.97520286
47001,SANTA MARTA,47,MAGDALENA,11.12189436,-73.88527855
47030,ALGARROBO,47,MAGDALENA,10.25356475,-74.10323027
47053,ARACATACA,47,MAGDALENA,10.64490877,-73.87972257
47058,ARIGUANÍ,47,MAGDALENA,9.834264955,-74.08460085
47161,CERRO DE SAN ANTONIO,47,MAGDALENA,10.3132933,-74.80834413
47170,CHIVOLO,47,MAGDALENA,10.09951961,-74.52606667
47189,CIÉNAGA,47,MAGDALENA,10.85754552,-74.02500493
47205,CONCORDIA,47,MAGDALENA,10.23284801,-74.77810175
47245,EL BANCO,47,MAGDALENA,9.114930635,-73.98105491
47258,EL PIÑÓN,47,MAGDALENA,10.34310988,-74.67817756
47268,EL RETÉN,47,MAGDALENA,10.65961696,-74.3251597
47288,FUNDACIÓN,47,MAGDALENA,10.45937818,-73.88406518
47318,GUAMAL,47,MAGDALENA,9.248004673,-74.13968085
47460,NUEVA GRANADA,47,MAGDALENA,9.735998134,-74.32840222
47541,PEDRAZA,47,MAGDALENA,10.15429546,-74.83178091
47545,PIJIÑO DEL CARMEN,47,MAGDALENA,9.530748654,-74.1447657
47551,PIVIJAY,47,MAGDALENA,10.43303399,-74.41251197
47555,PLATO,47,MAGDALENA,9.76945611,-74.60181576
47570,PUEBLOVIEJO,47,MAGDALENA,10.84758901,-74.36057942
47605,REMOLINO,47,MAGDALENA,10.64860351,-74.58106823
47660,SABANAS DE SAN ÁNGEL,47,MAGDALENA,10.10533028,-74.2644392
47675,SALAMINA,47,MAGDALENA,10.51538178,-74.72296972
47692,SAN SEBASTIÁN DE BUENAVISTA,47,MAGDALENA,9.380680272,-74.19797988
47703,SAN ZENÓN,47,MAGDALENA,9.306869548,-74.35851644
47707,SANTA ANA,47,MAGDALENA,9.503097215,-74.44419381
47720,SANTA BÁRBARA DE PINTO,47,MAGDALENA,9.484388135,-74.66521178
47745,SITIONUEVO,47,MAGDALENA,10.89027616,-74.62966038
47798,TENERIFE,47,MAGDALENA,9.924701267,-74.73263001
47960,ZAPAYÁN,47,MAGDALENA,10.11779893,-74.69115456
47980,ZONA BANANERA,47,MAGDALENA,10.79634658,-74.17798317
50001,VILLAVICENCIO,50,META,4.09166877,-73.49291595
50006,ACACÍAS,50,META,3.943383008,-73.57135162
50110,BARRANCA DE UPÍA,50,META,4.519076127,-72.99548981
50124,CABUYARO,50,META,4.315244759,-72.95268896
50150,CASTILLA LA NUEVA,50,META,3.805154089,-73.53886668
50223,CUBARRAL,50,META,3.834631516,-74.06232494
50226,CUMARAL,50,META,4.232526389,-73.31477539
50245,EL CALVARIO,50,META,4.353769888,-73.71441684
50251,EL CASTILLO,50,META,3.60282633,-73.89445238
50270,EL DORADO,50,META,3.706969785,-73.83161892
50287,FUENTE DE ORO,50,META,3.382370124,-73.59625429
50313,GRANADA,50,META,3.441051399,-73.7611547
50318,GUAMAL,50,META,3.947775585,-73.95983864
50325,MAPIRIPÁN,50,META,3.117523361,-71.93805692
50330,MESETAS,50,META,3.154771201,-74.12454824
50350,LA MACARENA,50,META,2.161863917,-74.09488076
50370,URIBE,50,META,3.047726858,-74.43066134
50400,LEJANÍAS,50,META,3.614714873,-74.09628467
50450,PUERTO CONCORDIA,50,META,2.752260112,-72.7210941
50568,PUERTO GAITÁN,50,META,4.005034467,-71.63157429
50573,PUERTO LÓPEZ,50,META,4.014298921,-72.64570499
50577,PUERTO LLERAS,50,META,3.193092925,-73.23671436
50590,PUERTO RICO,50,META,2.758083657,-73.13780171
50606,RESTREPO,50,META,4.204310977,-73.50226037
50680,SAN CARLOS DE GUAROA,50,META,3.84761678,-73.27583401
50683,SAN JUAN DE ARAMA,50,META,3.289851171,-73.81635243
50686,SAN JUANITO,50,META,4.471346322,-73.66041355
50689,SAN MARTÍN,50,META,3.515860962,-72.65672742
50711,VISTAHERMOSA,50,META,2.811616698,-73.66652234
52001,PASTO,52,NARIÑO,1.083605497,-77.20610074
52019,ALBÁN,52,NARIÑO,1.469854084,-77.06880947
52022,ALDANA,52,NARIÑO,0.913431916,-77.69538731
52036,ANCUYA,52,NARIÑO,1.245254077,-77.53115777
52051,ARBOLEDA,52,NARIÑO,1.480051172,-77.12985001
52079,BARBACOAS,52,NARIÑO,1.44563774,-78.15621072
52083,BELÉN,52,NARIÑO,1.593645287,-77.01999366
52110,BUESACO,52,NARIÑO,1.315215636,-77.1163664
52203,COLÓN,52,NARIÑO,1.636334379,-77.0473156
52207,CONSACÁ,52,NARIÑO,1.209066732,-77.44063921
52210,CONTADERO,52,NARIÑO,0.932667458,-77.52808731
52215,CÓRDOBA,52,NARIÑO,0.78274688,-77.36805903
52224,CUASPUD CARLOSAMA,52,NARIÑO,0.875426999,-77.73591601
52227,CUMBAL,52,NARIÑO,0.944223274,-77.95958446
52233,CUMBITARA,52,NARIÑO,1.72559011,-77.59281637
52240,CHACHAGÜÍ,52,NARIÑO,1.386497844,-77.26969022
52250,EL CHARCO,52,NARIÑO,2.216382295,-77.99533234
52254,EL PEÑOL,52,NARIÑO,1.512283967,-77.43050934
52256,EL ROSARIO,52,NARIÑO,1.887689437,-77.48319589
52258,EL TABLÓN DE GÓMEZ,52,NARIÑO,1.409430207,-76.98526959
52260,EL TAMBO,52,NARIÑO,1.43026376,-77.38311597
52287,FUNES,52,NARIÑO,0.957786429,-77.39532781
52317,GUACHUCAL,52,NARIÑO,0.975037904,-77.73758941
52320,GUAITARILLA,52,NARIÑO,1.151366658,-77.53011336
52323,GUALMATÁN,52,NARIÑO,0.928642623,-77.58261883
52352,ILES,52,NARIÑO,0.980534037,-77.5186573
52354,IMUÉS,52,NARIÑO,1.07287697,-77.50150864
52356,IPIALES,52,NARIÑO,0.497708465,-77.24047625
52378,LA CRUZ,52,NARIÑO,1.584175998,-76.92335262
52381,LA FLORIDA,52,NARIÑO,1.338034371,-77.42293041
52385,LA LLANADA,52,NARIÑO,1.541847847,-77.61781608
52390,LA TOLA,52,NARIÑO,2.56027333,-78.23506694
52399,LA UNIÓN,52,NARIÑO,1.619697376,-77.14284622
52405,LEIVA,52,NARIÑO,1.900862361,-77.31220073
52411,LINARES,52,NARIÑO,1.395173084,-77.52093774
52418,LOS ANDES,52,NARIÑO,1.672601269,-77.71054449
52427,MAGÜÍ,52,NARIÑO,1.906858429,-78.04473644
52435,MALLAMA,52,NARIÑO,1.155947016,-77.84664646
52473,MOSQUERA,52,NARIÑO,2.442493698,-78.438827
52480,NARIÑO,52,NARIÑO,1.286775273,-77.35220367
52490,OLAYA HERRERA,52,NARIÑO,2.287856547,-78.31219024
52506,OSPINA,52,NARIÑO,1.029815854,-77.55234944
52520,FRANCISCO PIZARRO,52,NARIÑO,2.088531925,-78.59193099
52540,POLICARPA,52,NARIÑO,1.735354202,-77.48134359
52560,POTOSÍ,52,NARIÑO,0.785841088,-77.52870407
52565,PROVIDENCIA,52,NARIÑO,1.232864821,-77.59844212
52573,PUERRES,52,NARIÑO,0.854351651,-77.35032523
52585,PUPIALES,52,NARIÑO,0.916769831,-77.63336954
52612,RICAURTE,52,NARIÑO,1.147671848,-78.05811118
52621,ROBERTO PAYÁN,52,NARIÑO,1.897581156,-78.3811163
52678,SAMANIEGO,52,NARIÑO,1.430555262,-77.69179559
52683,SANDONÁ,52,NARIÑO,1.288105409,-77.45670068
52685,SAN BERNARDO,52,NARIÑO,1.529782485,-77.02070663
52687,SAN LORENZO,52,NARIÑO,1.542139582,-77.21872693
52693,SAN PABLO,52,NARIÑO,1.681576627,-76.97527979
52694,SAN PEDRO DE CARTAGO,52,NARIÑO,1.536823494,-77.10140325
52696,SANTA BÁRBARA,52,NARIÑO,2.494420411,-77.98256461
52699,SANTACRUZ,52,NARIÑO,1.285179376,-77.7445744
52720,SAPUYES,52,NARIÑO,1.045287475,-77.71810954
52786,TAMINANGO,52,NARIÑO,1.591661392,-77.32525316
52788,TANGUA,52,NARIÑO,1.064078111,-77.35063491
52835,SAN ANDRÉS DE TUMACO,52,NARIÑO,1.574550638,-78.61540963
52838,TÚQUERRES,52,NARIÑO,1.134440523,-77.63073238
52885,YACUANQUER,52,NARIÑO,1.125547916,-77.42467569
54001,SAN JOSÉ DE CÚCUTA,54,NORTE DE SANTANDER,8.112041811,-72.48862641
54003,ÁBREGO,54,NORTE DE SANTANDER,8.019834481,-73.15850485
54051,ARBOLEDAS,54,NORTE DE SANTANDER,7.586048164,-72.91705315
54099,BOCHALEMA,54,NORTE DE SANTANDER,7.608509339,-72.65951909
54109,BUCARASICA,54,NORTE DE SANTANDER,8.079802239,-72.92919926
54125,CÁCOTA,54,NORTE DE SANTANDER,7.270560088,-72.65212153
54128,CÁCHIRA,54,NORTE DE SANTANDER,7.684188896,-73.12939481
54172,CHINÁCOTA,54,NORTE DE SANTANDER,7.583353136,-72.58390978
54174,CHITAGÁ,54,NORTE DE SANTANDER,7.05161677,-72.52544746
54206,CONVENCIÓN,54,NORTE DE SANTANDER,8.873159895,-73.20007769
54223,CUCUTILLA,54,NORTE DE SANTANDER,7.502182366,-72.79703447
54239,DURANIA,54,NORTE DE SANTANDER,7.746993206,-72.67208072
54245,EL CARMEN,54,NORTE DE SANTANDER,8.867990035,-73.34585922
54250,EL TARRA,54,NORTE DE SANTANDER,8.678263671,-73.0317597
54261,EL ZULIA,54,NORTE DE SANTANDER,8.081200092,-72.63152118
54313,GRAMALOTE,54,NORTE DE SANTANDER,7.906522991,-72.80705582
54344,HACARÍ,54,NORTE DE SANTANDER,8.361831987,-73.0782633
54347,HERRÁN,54,NORTE DE SANTANDER,7.493955781,-72.49269998
54377,LABATECA,54,NORTE DE SANTANDER,7.218372474,-72.48281514
54385,LA ESPERANZA,54,NORTE DE SANTANDER,7.695233593,-73.36139672
54398,LA PLAYA,54,NORTE DE SANTANDER,8.256757875,-73.18789327
54405,LOS PATIOS,54,NORTE DE SANTANDER,7.742291094,-72.52680784
54418,LOURDES,54,NORTE DE SANTANDER,7.963712759,-72.8467029
54480,MUTISCUA,54,NORTE DE SANTANDER,7.31694997,-72.76834584
54498,OCAÑA,54,NORTE DE SANTANDER,8.206637527,-73.33765033
54518,PAMPLONA,54,NORTE DE SANTANDER,7.379057623,-72.67590348
54520,PAMPLONITA,54,NORTE DE SANTANDER,7.48287886,-72.63515401
54553,PUERTO SANTANDER,54,NORTE DE SANTANDER,8.329138642,-72.41119066
54599,RAGONVALIA,54,NORTE DE SANTANDER,7.595355974,-72.50756622
54660,SALAZAR,54,NORTE DE SANTANDER,7.772747824,-72.86769959
54670,SAN CALIXTO,54,NORTE DE SANTANDER,8.414441404,-73.2176038
54673,SAN CAYETANO,54,NORTE DE SANTANDER,7.847872195,-72.60971203
54680,SANTIAGO,54,NORTE DE SANTANDER,7.889234454,-72.7182541
54720,SARDINATA,54,NORTE DE SANTANDER,8.215080767,-72.79580961
54743,SILOS,54,NORTE DE SANTANDER,7.180991879,-72.78617884
54800,TEORAMA,54,NORTE DE SANTANDER,8.760013794,-73.15714097
54810,TIBÚ,54,NORTE DE SANTANDER,8.713507237,-72.79925855
54820,TOLEDO,54,NORTE DE SANTANDER,7.225864961,-72.30593418
54871,VILLA CARO,54,NORTE DE SANTANDER,7.936293173,-72.98759418
54874,VILLA DEL ROSARIO,54,NORTE DE SANTANDER,7.718635863,-72.48361176
63001,ARMENIA,63,QUINDÍO,4.499501128,-75.72489985
63111,BUENAVISTA,63,QUINDÍO,4.366632382,-75.74403734
63130,CALARCÁ,63,QUINDÍO,4.467879428,-75.65674719
63190,CIRCASIA,63,QUINDÍO,4.604845344,-75.66688449
63212,CÓRDOBA,63,QUINDÍO,4.395975176,-75.65132308
63272,FILANDIA,63,QUINDÍO,4.669325347,-75.67146941
63302,GÉNOVA,63,QUINDÍO,4.180107773,-75.76056695
63401,LA TEBAIDA,63,QUINDÍO,4.426884849,-75.81927335
63470,MONTENEGRO,63,QUINDÍO,4.521890945,-75.81806594
63548,PIJAO,63,QUINDÍO,4.30397934,-75.68330417
63594,QUIMBAYA,63,QUINDÍO,4.610273497,-75.79205087
63690,SALENTO,63,QUINDÍO,4.611314654,-75.53092112
66001,PEREIRA,66,RISARALDA,4.803662773,-75.79579093
66045,APÍA,66,RISARALDA,5.139635357,-75.95353871
66075,BALBOA,66,RISARALDA,4.918349676,-75.94275386
66088,BELÉN DE UMBRÍA,66,RISARALDA,5.200398696,-75.86793893
66170,DOSQUEBRADAS,66,RISARALDA,4.842021144,-75.66993655
66318,GUÁTICA,66,RISARALDA,5.320295966,-75.80436659
66383,LA CELIA,66,RISARALDA,4.988127679,-76.00822678
66400,LA VIRGINIA,66,RISARALDA,4.904704187,-75.85208162
66440,MARSELLA,66,RISARALDA,4.942936185,-75.7532139
66456,MISTRATÓ,66,RISARALDA,5.414078141,-75.96135387
66572,PUEBLO RICO,66,RISARALDA,5.286295408,-76.07359421
66594,QUINCHÍA,66,RISARALDA,5.323906864,-75.71339683
66682,SANTA ROSA DE CABAL,66,RISARALDA,4.833789828,-75.54950174
66687,SANTUARIO,66,RISARALDA,5.076100313,-76.02286946
68001,BUCARAMANGA,68,SANTANDER,7.155833544,-73.11156997
68013,AGUADA,68,SANTANDER,6.182208476,-73.53038541
68020,ALBANIA,68,SANTANDER,5.788190519,-73.79236929
68051,ARATOCA,68,SANTANDER,6.716766585,-73.01162697
68077,BARBOSA,68,SANTANDER,5.955617327,-73.62345229
68079,BARICHARA,68,SANTANDER,6.647062543,-73.21518466
68081,BARRANCABERMEJA,68,SANTANDER,7.054074558,-73.78211646
68092,BETULIA,68,SANTANDER,7.033255886,-73.37872388
68101,BOLÍVAR,68,SANTANDER,6.181715586,-73.92065703
68121,CABRERA,68,SANTANDER,6.562543673,-73.25034892
68132,CALIFORNIA,68,SANTANDER,7.331565443,-72.95131825
68147,CAPITANEJO,68,SANTANDER,6.520200095,-72.67435203
68152,CARCASÍ,68,SANTANDER,6.659675274,-72.56968434
68160,CEPITÁ,68,SANTANDER,6.752465533,-72.92924629
68162,CERRITO,68,SANTANDER,6.903923173,-72.64536324
68167,CHARALÁ,68,SANTANDER,6.35099819,-73.06101382
68169,CHARTA,68,SANTANDER,7.282973001,-72.97829057
68176,CHIMA,68,SANTANDER,6.361627641,-73.40172144
68179,CHIPATÁ,68,SANTANDER,6.067944658,-73.63239132
68190,CIMITARRA,68,SANTANDER,6.40972961,-74.17030427
68207,CONCEPCIÓN,68,SANTANDER,6.76062337,-72.61815735
68209,CONFINES,68,SANTANDER,6.342314443,-73.25014013
68211,CONTRATACIÓN,68,SANTANDER,6.303116611,-73.50211527
68217,COROMORO,68,SANTANDER,6.234735779,-72.98176803
68229,CURITÍ,68,SANTANDER,6.608966483,-73.05897888
68235,EL CARMEN DE CHUCURÍ,68,SANTANDER,6.664260002,-73.56475288
68245,EL GUACAMAYO,68,SANTANDER,6.236115743,-73.4977605
68250,EL PEÑÓN,68,SANTANDER,6.123389691,-74.00040397
68255,EL PLAYÓN,68,SANTANDER,7.524284721,-73.18158192
68264,ENCINO,68,SANTANDER,6.079061224,-73.06206665
68266,ENCISO,68,SANTANDER,6.65824115,-72.68027939
68271,FLORIÁN,68,SANTANDER,5.801106291,-73.95524931
68276,FLORIDABLANCA,68,SANTANDER,7.079704598,-73.0679925
68296,GALÁN,68,SANTANDER,6.671810994,-73.32467124
68298,GÁMBITA,68,SANTANDER,5.924383558,-73.31939934
68307,GIRÓN,68,SANTANDER,6.976734127,-73.205267
68318,GUACA,68,SANTANDER,6.9434341,-72.82369873
68320,GUADALUPE,68,SANTANDER,6.233278248,-73.40977445
68322,GUAPOTÁ,68,SANTANDER,6.319299865,-73.33115275
68324,GUAVATÁ,68,SANTANDER,5.944894844,-73.72173671
68327,GÜEPSA,68,SANTANDER,6.04656148,-73.57847854
68344,HATO,68,SANTANDER,6.559878299,-73.36178841
68368,JESÚS MARÍA,68,SANTANDER,5.872705896,-73.78997419
68370,JORDÁN,68,SANTANDER,6.710814846,-73.1211236
68377,LA BELLEZA,68,SANTANDER,5.895724341,-74.04676575
68385,LANDÁZURI,68,SANTANDER,6.385234814,-73.78760899
68397,LA PAZ,68,SANTANDER,6.21737437,-73.62977195
68406,LEBRIJA,68,SANTANDER,7.204060063,-73.29138097
68418,LOS SANTOS,68,SANTANDER,6.812162934,-73.10785086
68425,MACARAVITA,68,SANTANDER,6.513745303,-72.58536492
68432,MÁLAGA,68,SANTANDER,6.720222349,-72.73841091
68444,MATANZA,68,SANTANDER,7.348778319,-73.05438997
68464,MOGOTES,68,SANTANDER,6.492532315,-72.95834772
68468,MOLAGAVITA,68,SANTANDER,6.643290559,-72.81916274
68498,OCAMONTE,68,SANTANDER,6.355368858,-73.12211833
68500,OIBA,68,SANTANDER,6.225596216,-73.27961515
68502,ONZAGA,68,SANTANDER,6.335194548,-72.81205838
68522,PALMAR,68,SANTANDER,6.525876964,-73.28247337
68524,PALMAS DEL SOCORRO,68,SANTANDER,6.391750107,-73.28273174
68533,PÁRAMO,68,SANTANDER,6.416631131,-73.17148232
68547,PIEDECUESTA,68,SANTANDER,6.97082104,-73.01481196
68549,PINCHOTE,68,SANTANDER,6.513892626,-73.17570986
68572,PUENTE NACIONAL,68,SANTANDER,5.831129906,-73.67841815
68573,PUERTO PARRA,68,SANTANDER,6.685278856,-73.95761256
68575,PUERTO WILCHES,68,SANTANDER,7.398198257,-73.8354696
68615,RIONEGRO,68,SANTANDER,7.474226085,-73.37246417
68655,SABANA DE TORRES,68,SANTANDER,7.4065422,-73.57131807
68669,SAN ANDRÉS,68,SANTANDER,6.796483063,-72.81613202
68673,SAN BENITO,68,SANTANDER,6.076525355,-73.55295302
68679,SAN GIL,68,SANTANDER,6.550778765,-73.11887911
68682,SAN JOAQUÍN,68,SANTANDER,6.459879823,-72.85471883
68684,SAN JOSÉ DE MIRANDA,68,SANTANDER,6.629400185,-72.73976423
68686,SAN MIGUEL,68,SANTANDER,6.568121541,-72.64322497
68689,SAN VICENTE DE CHUCURÍ,68,SANTANDER,6.894292346,-73.53900334
68705,SANTA BÁRBARA,68,SANTANDER,6.988084711,-72.89608933
68720,SANTA HELENA DEL OPÓN,68,SANTANDER,6.40890734,-73.58206609
68745,SIMACOTA,68,SANTANDER,6.494231551,-73.45910992
68755,SOCORRO,68,SANTANDER,6.462088241,-73.24436001
68770,SUAITA,68,SANTANDER,6.101499739,-73.36225795
68773,SUCRE,68,SANTANDER,5.983203734,-73.95936235
68780,SURATÁ,68,SANTANDER,7.475402063,-72.98779966
68820,TONA,68,SANTANDER,7.170891099,-72.93970443
68855,VALLE DE SAN JOSÉ,68,SANTANDER,6.434578919,-73.10997171
68861,VÉLEZ,68,SANTANDER,6.00741043,-73.69057256
68867,VETAS,68,SANTANDER,7.322219563,-72.88156901
68872,VILLANUEVA,68,SANTANDER,6.685867326,-73.16396916
68895,ZAPATOCA,68,SANTANDER,6.813725566,-73.30975044
70001,SINCELEJO,70,SUCRE,9.316673928,-75.43174967
70110,BUENAVISTA,70,SUCRE,9.314972282,-74.98014057
70124,CAIMITO,70,SUCRE,8.792311599,-75.13191063
70204,COLOSÓ,70,SUCRE,9.494043427,-75.34528693
70215,COROZAL,70,SUCRE,9.160624283,-75.23858178
70221,COVEÑAS,70,SUCRE,9.394449802,-75.6574915
70230,CHALÁN,70,SUCRE,9.569584598,-75.32420908
70233,EL ROBLE,70,SUCRE,9.036231591,-75.14575038
70235,GALERAS,70,SUCRE,9.135169096,-74.98134706
70265,GUARANDA,70,SUCRE,8.337828523,-74.68734926
70400,LA UNIÓN,70,SUCRE,8.811997799,-75.28322212
70418,LOS PALMITOS,70,SUCRE,9.422380117,-75.21302191
70429,MAJAGUAL,70,SUCRE,8.546148134,-74.71037883
70473,MORROA,70,SUCRE,9.392496685,-75.32718744
70508,OVEJAS,70,SUCRE,9.549655271,-75.18855916
70523,PALMITO,70,SUCRE,9.334940293,-75.56199027
70670,SAMPUÉS,70,SUCRE,9.165188649,-75.36027422
70678,SAN BENITO ABAD,70,SUCRE,8.835634919,-74.96469398
70702,SAN JUAN DE BETULIA,70,SUCRE,9.292019071,-75.21363579
70708,SAN MARCOS,70,SUCRE,8.589220102,-75.17249955
70713,SAN ONOFRE,70,SUCRE,9.814599536,-75.50522919
70717,SAN PEDRO,70,SUCRE,9.396835638,-75.03741815
70742,SAN LUIS DE SINCÉ,70,SUCRE,9.256299047,-75.09397089
70771,SUCRE,70,SUCRE,8.814333477,-74.74753131
70820,SANTIAGO DE TOLÚ,70,SUCRE,9.533810567,-75.53543469
70823,SAN JOSÉ DE TOLUVIEJO,70,SUCRE,9.490297716,-75.44451115
73001,IBAGUÉ,73,TOLIMA,4.451921427,-75.252591
73024,ALPUJARRA,73,TOLIMA,3.390015064,-74.94078233
73026,ALVARADO,73,TOLIMA,4.582625784,-74.98630686
73030,AMBALEMA,73,TOLIMA,4.803365246,-74.80998676
73043,ANZOÁTEGUI,73,TOLIMA,4.623390454,-75.20165423
73055,ARMERO,73,TOLIMA,5.006758956,-74.84750095
73067,ATACO,73,TOLIMA,3.37749064,-75.61373257
73124,CAJAMARCA,73,TOLIMA,4.406971283,-75.49745918
73148,CARMEN DE APICALÁ,73,TOLIMA,4.123416795,-74.74700246
73152,CASABIANCA,73,TOLIMA,5.007003948,-75.19457703
73168,CHAPARRAL,73,TOLIMA,3.743693084,-75.58986634
73200,COELLO,73,TOLIMA,4.315603867,-74.91470256
73217,COYAIMA,73,TOLIMA,3.775490271,-75.14720213
73226,CUNDAY,73,TOLIMA,3.98252395,-74.68936908
73236,DOLORES,73,TOLIMA,3.597863274,-74.80256674
73268,ESPINAL,73,TOLIMA,4.166476969,-74.89352941
73270,FALAN,73,TOLIMA,5.079256598,-74.95703372
73275,FLANDES,73,TOLIMA,4.242813257,-74.83708638
73283,FRESNO,73,TOLIMA,5.186694812,-75.05228995
73319,GUAMO,73,TOLIMA,4.076501341,-74.97657287
73347,HERVEO,73,TOLIMA,5.068553783,-75.24322959
73349,HONDA,73,TOLIMA,5.179416561,-74.78303094
73352,ICONONZO,73,TOLIMA,4.133276369,-74.53964257
73408,LÉRIDA,73,TOLIMA,4.866034592,-74.92337178
73411,LÍBANO,73,TOLIMA,4.877936755,-75.04763076
73443,SAN SEBASTIÁN DE MARIQUITA,73,TOLIMA,5.235322593,-74.90668089
73449,MELGAR,73,TOLIMA,4.193215498,-74.60517497
73461,MURILLO,73,TOLIMA,4.826734468,-75.21993987
73483,NATAGAIMA,73,TOLIMA,3.540518203,-75.12200999
73504,ORTEGA,73,TOLIMA,3.937793962,-75.27824314
73520,PALOCABILDO,73,TOLIMA,5.094035737,-75.0184505
73547,PIEDRAS,73,TOLIMA,4.433764446,-74.99879938
73555,PLANADAS,73,TOLIMA,3.09897343,-75.81684413
73563,PRADO,73,TOLIMA,3.729166649,-74.87247706
73585,PURIFICACIÓN,73,TOLIMA,3.854281614,-74.87451155
73616,RIOBLANCO,73,TOLIMA,3.468077548,-75.85481103
73622,RONCESVALLES,73,TOLIMA,4.097861181,-75.59428027
73624,ROVIRA,73,TOLIMA,4.216730954,-75.34758364
73671,SALDAÑA,73,TOLIMA,3.912542787,-75.01859762
73675,SAN ANTONIO,73,TOLIMA,3.926088268,-75.50991004
73678,SAN LUIS,73,TOLIMA,4.057271684,-75.16320806
73686,SANTA ISABEL,73,TOLIMA,4.740827622,-75.20069946
73770,SUÁREZ,73,TOLIMA,3.969210629,-74.84448738
73854,VALLE DE SAN JUAN,73,TOLIMA,4.182125647,-75.17148237
73861,VENADILLO,73,TOLIMA,4.70988172,-74.92089886
73870,VILLAHERMOSA,73,TOLIMA,4.965753461,-75.15592969
73873,VILLARRICA,73,TOLIMA,3.854384097,-74.61896623
76001,CALI,76,VALLE DEL CAUCA,3.399043723,-76.57649259
76020,ALCALÁ,76,VALLE DEL CAUCA,4.6788971,-75.78297932
76036,ANDALUCÍA,76,VALLE DEL CAUCA,4.153314228,-76.16063341
76041,ANSERMANUEVO,76,VALLE DEL CAUCA,4.795927292,-76.02963049
76054,ARGELIA,76,VALLE DEL CAUCA,4.704287864,-76.14164999
76100,BOLÍVAR,76,VALLE DEL CAUCA,4.393118861,-76.34982039
76109,BUENAVENTURA,76,VALLE DEL CAUCA,3.493340766,-77.11872832
76111,GUADALAJARA DE BUGA,76,VALLE DEL CAUCA,3.819854318,-75.98312419
76113,BUGALAGRANDE,76,VALLE DEL CAUCA,4.196852991,-76.0896103
76122,CAICEDONIA,76,VALLE DEL CAUCA,4.308997973,-75.83672567
76126,CALIMA,76,VALLE DEL CAUCA,3.923271619,-76.64260484
76130,CANDELARIA,76,VALLE DEL CAUCA,3.382091564,-76.38317663
76147,CARTAGO,76,VALLE DEL CAUCA,4.70684716,-75.91790846
76233,DAGUA,76,VALLE DEL CAUCA,3.649822218,-76.72039347
76243,EL ÁGUILA,76,VALLE DEL CAUCA,4.917562873,-76.06601001
76246,EL CAIRO,76,VALLE DEL CAUCA,4.756063701,-76.21502826
76248,EL CERRITO,76,VALLE DEL CAUCA,3.656072873,-76.30841784
76250,EL DOVIO,76,VALLE DEL CAUCA,4.539979729,-76.28762701
76275,FLORIDA,76,VALLE DEL CAUCA,3.304104295,-76.16477307
76306,GINEBRA,76,VALLE DEL CAUCA,3.74410441,-76.19082004
76318,GUACARÍ,76,VALLE DEL CAUCA,3.759414991,-76.34518277
76364,JAMUNDÍ,76,VALLE DEL CAUCA,3.213892389,-76.62760418
76377,LA CUMBRE,76,VALLE DEL CAUCA,3.694303106,-76.58989905
76400,LA UNIÓN,76,VALLE DEL CAUCA,4.537937391,-76.10328983
76403,LA VICTORIA,76,VALLE DEL CAUCA,4.483511142,-75.96677303
76497,OBANDO,76,VALLE DEL CAUCA,4.597588666,-75.9491997
76520,PALMIRA,76,VALLE DEL CAUCA,3.558392876,-76.22779972
76563,PRADERA,76,VALLE DEL CAUCA,3.42063665,-76.17841841
76606,RESTREPO,76,VALLE DEL CAUCA,3.806494973,-76.53489853
76616,RIOFRÍO,76,VALLE DEL CAUCA,4.109500298,-76.37105443
76622,ROLDANILLO,76,VALLE DEL CAUCA,4.443571848,-76.16824249
76670,SAN PEDRO,76,VALLE DEL CAUCA,3.98143244,-76.20836168
76736,SEVILLA,76,VALLE DEL CAUCA,4.193411919,-75.88818163
76823,TORO,76,VALLE DEL CAUCA,4.638421279,-76.08106176
76828,TRUJILLO,76,VALLE DEL CAUCA,4.233268116,-76.34292699
76834,TULUÁ,76,VALLE DEL CAUCA,4.02840797,-76.03250379
76845,ULLOA,76,VALLE DEL CAUCA,4.707718947,-75.77835903
76863,VERSALLES,76,VALLE DEL CAUCA,4.644242641,-76.25924483
76869,VIJES,76,VALLE DEL CAUCA,3.74365889,-76.47064718
76890,YOTOCO,76,VALLE DEL CAUCA,3.904130354,-76.39080435
76892,YUMBO,76,VALLE DEL CAUCA,3.595913669,-76.5109879
76895,ZARZAL,76,VALLE DEL CAUCA,4.35359875,-76.05065336
81001,ARAUCA,81,ARAUCA,6.796280825,-70.50921153
81065,ARAUQUITA,81,ARAUCA,6.799338394,-71.29827429
81220,CRAVO NORTE,81,ARAUCA,6.39654349,-70.07381197
81300,FORTUL,81,ARAUCA,6.750907234,-71.79124241
81591,PUERTO RONDÓN,81,ARAUCA,6.411761829,-70.96678964
81736,SARAVENA,81,ARAUCA,6.906941714,-71.85070757
81794,TAME,81,ARAUCA,6.390650479,-71.79178647
85001,YOPAL,85,CASANARE,5.242744761,-72.25802857
85010,AGUAZUL,85,CASANARE,5.126121886,-72.54821017
85015,CHÁMEZA,85,CASANARE,5.228453404,-72.86496804
85125,HATO COROZAL,85,CASANARE,6.03948032,-71.52445752
85136,LA SALINA,85,CASANARE,6.178282373,-72.34693377
85139,MANÍ,85,CASANARE,4.675769488,-72.21280273
85162,MONTERREY,85,CASANARE,4.841308642,-72.8473434
85225,NUNCHÍA,85,CASANARE,5.529181235,-72.09251937
85230,OROCUÉ,85,CASANARE,4.915139133,-71.59873966
85250,PAZ DE ARIPORO,85,CASANARE,5.779915281,-70.86947037
85263,PORE,85,CASANARE,5.663194953,-71.92580806
85279,RECETOR,85,CASANARE,5.263068507,-72.77081831
85300,SABANALARGA,85,CASANARE,4.81119011,-72.99580655
85315,SÁCAMA,85,CASANARE,6.049906435,-72.21076163
85325,SAN LUIS DE PALENQUE,85,CASANARE,5.274955665,-71.81749276
85400,TÁMARA,85,CASANARE,5.878927424,-72.20067822
85410,TAURAMENA,85,CASANARE,4.697463691,-72.62922436
85430,TRINIDAD,85,CASANARE,5.354527091,-71.25479519
85440,VILLANUEVA,85,CASANARE,4.528307719,-72.82314281
86001,MOCOA,86,PUTUMAYO,1.26070915,-76.66584349
86219,COLÓN,86,PUTUMAYO,1.204815876,-76.97376805
86320,ORITO,86,PUTUMAYO,0.673756323,-76.94313923
86568,PUERTO ASÍS,86,PUTUMAYO,0.433884539,-76.52158203
86569,PUERTO CAICEDO,86,PUTUMAYO,0.70416861,-76.49864415
86571,PUERTO GUZMÁN,86,PUTUMAYO,0.746432215,-75.88022979
86573,PUERTO LEGUÍZAMO,86,PUTUMAYO,0.05947197,-75.06479327
86749,SIBUNDOY,86,PUTUMAYO,1.228746922,-76.91307585
86755,SAN FRANCISCO,86,PUTUMAYO,1.136071096,-76.84726661
86757,SAN MIGUEL,86,PUTUMAYO,0.272449048,-76.84510459
86760,SANTIAGO,86,PUTUMAYO,1.036021482,-76.97751684
86865,VALLE DEL GUAMUEZ,86,PUTUMAYO,0.42012589,-76.77067026
86885,VILLAGARZÓN,86,PUTUMAYO,0.911149515,-76.74495447
88001,SAN ANDRÉS,88,"ARCHIPIÉLAGO DE SAN ANDRÉS, PROVIDENCIA Y SANTA CATALINA",12.54311512,-81.71762382
88564,PROVIDENCIA,88,"ARCHIPIÉLAGO DE SAN ANDRÉS, PROVIDENCIA Y SANTA CATALINA",13.3511096,-81.37388549
91001,LETICIA,91,AMAZONAS,-3.530058784,-70.04513691
91263,EL ENCANTO,91,AMAZONAS,-1.997234795,-72.72361566
91405,LA CHORRERA,91,AMAZONAS,-1.509799605,-72.44442966
91407,LA PEDRERA,91,AMAZONAS,-1.550256503,-69.94602815
91430,LA VICTORIA,91,AMAZONAS,-0.125016381,-71.10487805
91460,MIRITÍ - PARANÁ,91,AMAZONAS,-0.687037553,-71.1855046
91530,PUERTO ALEGRÍA,91,AMAZONAS,-0.952145073,-73.75722748
91536,PUERTO ARICA,91,AMAZONAS,-1.91085406,-71.1484049
91540,PUERTO NARIÑO,91,AMAZONAS,-3.631323222,-70.47199039
91669,PUERTO SANTANDER,91,AMAZONAS,-1.101032624,-71.93893358
91798,TARAPACÁ,91,AMAZONAS,-2.451794264,-70.00651535
94001,INÍRIDA,94,GUAINÍA,3.516363079,-68.00834728
94343,BARRANCOMINAS,94,GUAINÍA,3.140558454,-69.69713423
94883,SAN FELIPE,94,GUAINÍA,2.312179782,-67.52060569
94884,PUERTO COLOMBIA,94,GUAINÍA,2.582829542,-68.25799033
94885,LA GUADALUPE,94,GUAINÍA,1.404540273,-67.001518
94886,CACAHUAL,94,GUAINÍA,3.38616245,-67.58507998
94887,PANA PANA,94,GUAINÍA,1.981055294,-69.11440036
94888,MORICHAL,94,GUAINÍA,2.421444806,-69.84001585
95001,SAN JOSÉ DEL GUAVIARE,95,GUAVIARE,2.484286091,-71.91916993
95015,CALAMAR,95,GUAVIARE,1.613634284,-73.0342639
95025,EL RETORNO,95,GUAVIARE,2.143447362,-72.24364869
95200,MIRAFLORES,95,GUAVIARE,1.363974932,-72.01810951
97001,MITÚ,97,VAUPÉS,1.06148231,-70.46688401
97161,CARURÚ,97,VAUPÉS,1.052762314,-71.33093035
97511,PACOA,97,VAUPÉS,-0.00834364,-70.5433061
97666,TARAIRA,97,VAUPÉS,-0.719822209,-69.90776202
97777,PAPUNAHUA,97,VAUPÉS,1.569312273,-70.91166315
97889,YAVARATÉ,97,VAUPÉS,0.833312241,-69.61867754
99001,PUERTO CARREÑO,99,VICHADA,5.836529669,-68.14122234
99524,LA PRIMAVERA,99,VICHADA,5.517593607,-69.62044054
99624,SANTA ROSALÍA,99,VICHADA,4.968581012,-70.65997097
99773,CUMARIBO,99,VICHADA,4.262454746,-69.52140484
