municipio,latitud,longitud,altitud_msnm,cat_altitud
POINT (-75.61103107 6.257590259),6.257590259,-75.61103107,1523.0,Medio (1.000-1.800 m)
POINT (-75.43847353 5.803728154),5.803728154,-75.43847353,2099.0,Alto (1.800-2.200 m)
POINT (-76.08597756 6.627569378),6.627569378,-76.08597756,2055.0,Alto (1.800-2.200 m)
POINT (-75.09059702 6.365534125),6.365534125,-75.09059702,1466.0,Medio (1.000-1.800 m)
POINT (-75.7080031 6.032921994),6.032921994,-75.7080031,1545.0,Medio (1.000-1.800 m)
POINT (-74.9812393 6.977788843),6.977788843,-74.9812393,1425.0,Medio (1.000-1.800 m)
POINT (-75.94128391 5.604993248),5.604993248,-75.94128391,1790.0,Medio (1.000-1.800 m)
POINT (-75.71594966 6.121430303),6.121430303,-75.71594966,1609.0,Medio (1.000-1.800 m)
POINT (-75.358316 6.861498764),6.861498764,-75.358316,1881.0,Alto (1.800-2.200 m)
POINT (-75.10848954 7.193110778),7.193110778,-75.10848954,1101.0,Medio (1.000-1.800 m)
POINT (-75.90426658 6.535711576),6.535711576,-75.90426658,1846.0,Alto (1.800-2.200 m)
POINT (-75.91736927 6.293546613),6.293546613,-75.91736927,1102.0,Medio (1.000-1.800 m)
POINT (-76.58236264 7.86047815),7.86047815,-76.58236264,217.0,Bajo (<1.000 m)
POINT (-76.41478317 8.611395262),8.611395262,-76.41478317,58.0,Bajo (<1.000 m)
POINT (-75.09469795 5.708114524),5.708114524,-75.09469795,1049.0,Medio (1.000-1.800 m)
POINT (-75.80995528 6.163683758),6.163683758,-75.80995528,1380.0,Medio (1.000-1.800 m)
POINT (-75.32924085 6.443417935),6.443417935,-75.32924085,1301.0,Medio (1.000-1.800 m)
POINT (-75.68621659 6.665853953),6.665853953,-75.68621659,2909.0,Muy alto (>2.200 m)
POINT (-75.58973588 6.358841086),6.358841086,-75.58973588,2076.0,Alto (1.800-2.200 m)
POINT (-75.98689107 5.727081285),5.727081285,-75.98689107,1274.0,Medio (1.000-1.800 m)
POINT (-75.95649246 6.185783612),6.185783612,-75.95649246,1675.0,Medio (1.000-1.800 m)
POINT (-76.01065253 5.840995666),5.840995666,-76.01065253,1163.0,Medio (1.000-1.800 m)
POINT (-75.56223474 7.111788462),7.111788462,-75.56223474,1505.0,Medio (1.000-1.800 m)
POINT (-75.91206595 6.80906489),6.80906489,-75.91206595,1468.0,Medio (1.000-1.800 m)
POINT (-75.22369744 7.665155105),7.665155105,-75.22369744,138.0,Bajo (<1.000 m)
POINT (-75.99351498 6.423463639),6.423463639,-75.99351498,2246.0,Muy alto (>2.200 m)
POINT (-75.62642674 6.054446841),6.054446841,-75.62642674,1825.0,Alto (1.800-2.200 m)
POINT (-75.28766178 7.036017478),7.036017478,-75.28766178,1485.0,Medio (1.000-1.800 m)
POINT (-76.02689632 6.814950023),6.814950023,-76.02689632,1785.0,Medio (1.000-1.800 m)
POINT (-74.73354817 6.33797388),6.33797388,-74.73354817,729.0,Bajo (<1.000 m)
POINT (-75.63082096 5.555275296),5.555275296,-75.63082096,1852.0,Alto (1.800-2.200 m)
POINT (-76.64374657 7.757967437),7.757967437,-76.64374657,40.0,Bajo (<1.000 m)
POINT (-75.2635361 5.978078841),5.978078841,-75.2635361,2376.0,Muy alto (>2.200 m)
POINT (-75.30590654 6.754821442),6.754821442,-75.30590654,2118.0,Alto (1.800-2.200 m)
POINT (-75.03501824 7.867941792),7.867941792,-75.03501824,74.0,Bajo (<1.000 m)
POINT (-76.63964213 7.631665644),7.631665644,-76.63964213,52.0,Bajo (<1.000 m)
POINT (-75.08254116 6.550065431),6.550065431,-75.08254116,1452.0,Medio (1.000-1.800 m)
POINT (-75.16015403 6.005593074),6.005593074,-75.16015403,1258.0,Medio (1.000-1.800 m)
POINT (-75.21785901 6.376106187),6.376106187,-75.21785901,1889.0,Alto (1.800-2.200 m)
POINT (-75.90014678 6.057468678),6.057468678,-75.90014678,1830.0,Alto (1.800-2.200 m)
POINT (-75.50075633 6.351882893),6.351882893,-75.50075633,1413.0,Medio (1.000-1.800 m)
POINT (-76.31426328 6.992243782),6.992243782,-76.31426328,897.0,Bajo (<1.000 m)
POINT (-75.42227687 6.492403905),6.492403905,-75.42227687,2271.0,Muy alto (>2.200 m)
POINT (-75.78331175 6.326444922),6.326444922,-75.78331175,1229.0,Medio (1.000-1.800 m)
POINT (-74.66427726 7.704633351),7.704633351,-74.66427726,248.0,Bajo (<1.000 m)
POINT (-75.55913083 6.594656004),6.594656004,-75.55913083,2419.0,Muy alto (>2.200 m)
POINT (-75.54686779 6.154394922),6.154394922,-75.54686779,2366.0,Muy alto (>2.200 m)
POINT (-75.67926242 5.887702934),5.887702934,-75.67926242,1591.0,Medio (1.000-1.800 m)
POINT (-76.33199656 6.691364773),6.691364773,-76.33199656,967.0,Bajo (<1.000 m)
POINT (-75.94804663 6.663095863),6.663095863,-75.94804663,2118.0,Alto (1.800-2.200 m)
POINT (-75.44795744 6.379745895),6.379745895,-75.44795744,1390.0,Medio (1.000-1.800 m)
POINT (-75.19270291 6.709562839),6.709562839,-75.19270291,1845.0,Alto (1.800-2.200 m)
POINT (-75.12763646 6.123380721),6.123380721,-75.12763646,1855.0,Alto (1.800-2.200 m)
POINT (-75.22591303 6.861576325),6.861576325,-75.22591303,1597.0,Medio (1.000-1.800 m)
POINT (-75.43730801 6.266625703),6.266625703,-75.43730801,2119.0,Alto (1.800-2.200 m)
POINT (-75.15651272 6.236329826),6.236329826,-75.15651272,1880.0,Alto (1.800-2.200 m)
POINT (-75.74971002 6.214511788),6.214511788,-75.74971002,1304.0,Medio (1.000-1.800 m)
POINT (-75.90669203 5.797039002),5.797039002,-75.90669203,993.0,Bajo (<1.000 m)
POINT (-75.6142037 6.179279438),6.179279438,-75.6142037,1643.0,Medio (1.000-1.800 m)
POINT (-75.67842277 7.341549718),7.341549718,-75.67842277,1185.0,Medio (1.000-1.800 m)
POINT (-75.81842575 5.574444339),5.574444339,-75.81842575,2174.0,Alto (1.800-2.200 m)
POINT (-75.76488256 5.769820536),5.769820536,-75.76488256,1847.0,Alto (1.800-2.200 m)
POINT (-75.43086935 5.992524843),5.992524843,-75.43086935,2318.0,Muy alto (>2.200 m)
POINT (-75.64895499 6.137595883),6.137595883,-75.64895499,1947.0,Alto (1.800-2.200 m)
POINT (-75.60220206 5.746583958),5.746583958,-75.60220206,618.0,Bajo (<1.000 m)
POINT (-75.35429023 5.940434685),5.940434685,-75.35429023,2452.0,Muy alto (>2.200 m)
POINT (-75.78300046 6.723990935),6.723990935,-75.78300046,1596.0,Medio (1.000-1.800 m)
POINT (-74.71410854 6.534573585),6.534573585,-74.71410854,843.0,Bajo (<1.000 m)
POINT (-75.30487933 6.18520515),6.18520515,-75.30487933,2158.0,Alto (1.800-2.200 m)
POINT (-75.51972693 5.916853903),5.916853903,-75.51972693,2181.0,Alto (1.800-2.200 m)
POINT (-76.70861349 6.828773855),6.828773855,-76.70861349,41.0,Bajo (<1.000 m)
POINT (-76.4630657 7.329557848),7.329557848,-76.4630657,433.0,Bajo (<1.000 m)
POINT (-75.19457019 5.581275312),5.581275312,-75.19457019,1584.0,Medio (1.000-1.800 m)
POINT (-76.67699588 8.493728551),8.493728551,-76.67699588,40.0,Bajo (<1.000 m)
POINT (-74.65844186 7.983477394),7.983477394,-74.65844186,228.0,Bajo (<1.000 m)
POINT (-75.77567097 6.611418083),6.611418083,-75.77567097,1072.0,Medio (1.000-1.800 m)
POINT (-75.22350906 6.232396368),6.232396368,-75.22350906,1881.0,Alto (1.800-2.200 m)
POINT (-75.88968843 7.044180058),7.044180058,-75.88968843,1859.0,Alto (1.800-2.200 m)
POINT (-75.86076667 5.80970186),5.80970186,-75.86076667,1527.0,Medio (1.000-1.800 m)
POINT (-74.5287421 6.481922267),6.481922267,-74.5287421,329.0,Bajo (<1.000 m)
POINT (-74.70317722 6.126539139),6.126539139,-74.70317722,379.0,Bajo (<1.000 m)
POINT (-74.6861918 5.954830151),5.954830151,-74.6861918,162.0,Bajo (<1.000 m)
POINT (-74.55865652 6.997267375),6.997267375,-74.55865652,549.0,Bajo (<1.000 m)
POINT (-75.51573805 6.053444254),6.053444254,-75.51573805,2182.0,Alto (1.800-2.200 m)
POINT (-75.41076052 6.150785807),6.150785807,-75.41076052,2111.0,Alto (1.800-2.200 m)
POINT (-75.79222754 6.901000506),6.901000506,-75.79222754,1398.0,Medio (1.000-1.800 m)
POINT (-75.60880599 6.138305183),6.138305183,-75.60880599,1704.0,Medio (1.000-1.800 m)
POINT (-75.98137251 5.970502334),5.970502334,-75.98137251,1436.0,Medio (1.000-1.800 m)
POINT (-75.6657758 6.918427233),6.918427233,-75.6657758,1715.0,Medio (1.000-1.800 m)
POINT (-74.90732769 6.193789659),6.193789659,-74.90732769,1010.0,Medio (1.000-1.800 m)
POINT (-74.98176334 5.840093731),5.840093731,-74.98176334,840.0,Bajo (<1.000 m)
POINT (-75.70310727 6.438300409),6.438300409,-75.70310727,1340.0,Medio (1.000-1.800 m)
POINT (-75.67770826 6.823258913),6.823258913,-75.67770826,2897.0,Muy alto (>2.200 m)
POINT (-76.53248234 8.707141583),8.707141583,-76.53248234,44.0,Bajo (<1.000 m)
POINT (-75.0076674 6.024205956),6.024205956,-75.0076674,1757.0,Medio (1.000-1.800 m)
POINT (-75.5624839 6.458666308),6.458666308,-75.5624839,2460.0,Muy alto (>2.200 m)
POINT (-76.31664233 8.37915695),8.37915695,-76.31664233,89.0,Bajo (<1.000 m)
POINT (-74.99858652 6.31074453),6.31074453,-74.99858652,976.0,Bajo (<1.000 m)
POINT (-74.9450732 6.466165211),6.466165211,-74.9450732,1182.0,Medio (1.000-1.800 m)
POINT (-75.32740163 6.310387522),6.310387522,-75.32740163,2315.0,Muy alto (>2.200 m)
POINT (-75.58330371 5.878984956),5.878984956,-75.58330371,1446.0,Medio (1.000-1.800 m)
POINT (-75.43814333 6.675827825),6.675827825,-75.43814333,2547.0,Muy alto (>2.200 m)
POINT (-75.14260097 6.481044132),6.481044132,-75.14260097,1901.0,Alto (1.800-2.200 m)
POINT (-75.25212278 6.124209495),6.124209495,-75.25212278,2171.0,Alto (1.800-2.200 m)
POINT (-74.62163926 7.26692339),7.26692339,-74.62163926,296.0,Bajo (<1.000 m)
POINT (-74.83637623 5.826388779),5.826388779,-74.83637623,381.0,Bajo (<1.000 m)
POINT (-75.74580903 6.520164552),6.520164552,-75.74580903,736.0,Bajo (<1.000 m)
POINT (-75.70979974 5.673758571),5.673758571,-75.70979974,1542.0,Medio (1.000-1.800 m)
POINT (-75.40189438 7.488875998),7.488875998,-75.40189438,330.0,Bajo (<1.000 m)
POINT (-75.82871144 5.871064557),5.871064557,-75.82871144,1265.0,Medio (1.000-1.800 m)
POINT (-75.79966005 6.058349971),6.058349971,-75.79966005,1678.0,Medio (1.000-1.800 m)
POINT (-75.71363382 7.016397069),7.016397069,-75.71363382,2081.0,Alto (1.800-2.200 m)
POINT (-76.5740377 8.173851745),8.173851745,-76.5740377,319.0,Bajo (<1.000 m)
POINT (-76.13318514 6.913916924),6.913916924,-76.13318514,805.0,Bajo (<1.000 m)
POINT (-76.25906482 6.33534134),6.33534134,-76.25906482,2055.0,Alto (1.800-2.200 m)
POINT (-75.40094502 7.265404213),7.265404213,-75.40094502,800.0,Bajo (<1.000 m)
POINT (-75.63083412 5.651937802),5.651937802,-75.63083412,844.0,Bajo (<1.000 m)
POINT (-74.7540302 6.836535122),6.836535122,-74.7540302,811.0,Bajo (<1.000 m)
POINT (-75.77722423 5.956576355),5.956576355,-75.77722423,1208.0,Medio (1.000-1.800 m)
POINT (-76.69504802 6.453351334),6.453351334,-76.69504802,27.0,Bajo (<1.000 m)
POINT (-74.75565002 6.716870679),6.716870679,-74.75565002,959.0,Bajo (<1.000 m)
POINT (-75.45439957 6.9881309),6.9881309,-75.45439957,2444.0,Muy alto (>2.200 m)
POINT (-75.02990266 6.64442786),6.64442786,-75.02990266,1390.0,Medio (1.000-1.800 m)
POINT (-74.15824041 6.925159318),6.925159318,-74.15824041,106.0,Bajo (<1.000 m)
POINT (-74.85848326 7.474004006),7.474004006,-74.85848326,105.0,Bajo (<1.000 m)
POINT (-74.82771544 10.98152051),10.98152051,-74.82771544,62.0,Bajo (<1.000 m)
POINT (-74.92219491 10.79329302),10.79329302,-74.92219491,116.0,Bajo (<1.000 m)
POINT (-74.88466039 10.38405079),10.38405079,-74.88466039,6.0,Bajo (<1.000 m)
POINT (-74.87756627 10.48902047),10.48902047,-74.87756627,24.0,Bajo (<1.000 m)
POINT (-74.88708788 10.89771991),10.89771991,-74.88708788,91.0,Bajo (<1.000 m)
POINT (-75.07841904 10.82306503),10.82306503,-75.07841904,61.0,Bajo (<1.000 m)
POINT (-75.15402741 10.63503116),10.63503116,-75.15402741,137.0,Bajo (<1.000 m)
POINT (-74.80617555 10.84828864),10.84828864,-74.80617555,48.0,Bajo (<1.000 m)
POINT (-74.98477367 10.45414555),10.45414555,-74.98477367,5.0,Bajo (<1.000 m)
POINT (-74.7701509 10.69481208),10.69481208,-74.7701509,16.0,Bajo (<1.000 m)
POINT (-75.14366034 10.74078959),10.74078959,-75.14366034,59.0,Bajo (<1.000 m)
POINT (-74.85414844 10.76740141),10.76740141,-74.85414844,77.0,Bajo (<1.000 m)
POINT (-74.79847316 10.59465102),10.59465102,-74.79847316,26.0,Bajo (<1.000 m)
POINT (-74.9074058 11.0044226),11.0044226,-74.9074058,31.0,Bajo (<1.000 m)
POINT (-75.12188053 10.50757051),10.50757051,-75.12188053,17.0,Bajo (<1.000 m)
POINT (-74.7687966 10.79894015),10.79894015,-74.7687966,18.0,Bajo (<1.000 m)
POINT (-74.95510542 10.62250777),10.62250777,-74.95510542,104.0,Bajo (<1.000 m)
POINT (-74.96541179 10.35364192),10.35364192,-74.96541179,8.0,Bajo (<1.000 m)
POINT (-74.78726468 10.75562656),10.75562656,-74.78726468,23.0,Bajo (<1.000 m)
POINT (-74.7784249 10.9069066),10.9069066,-74.7784249,20.0,Bajo (<1.000 m)
POINT (-74.90713308 10.31085035),10.31085035,-74.90713308,6.0,Bajo (<1.000 m)
POINT (-74.98423293 10.90721938),10.90721938,-74.98423293,257.0,Bajo (<1.000 m)
POINT (-74.98267413 10.74052266),10.74052266,-74.98267413,125.0,Bajo (<1.000 m)
POINT (-74.1810727 4.316107698),4.316107698,-74.1810727,3536.0,Muy alto (>2.200 m)
POINT (-75.45889915 10.46343362),10.46343362,-75.45889915,4.0,Bajo (<1.000 m)
POINT (-74.47805945 8.622943262),8.622943262,-74.47805945,25.0,Bajo (<1.000 m)
POINT (-74.19515811 8.757468863),8.757468863,-74.19515811,22.0,Bajo (<1.000 m)
POINT (-74.10301905 8.362996158),8.362996158,-74.10301905,767.0,Bajo (<1.000 m)
POINT (-75.37121788 10.16422123),10.16422123,-75.37121788,63.0,Bajo (<1.000 m)
POINT (-75.02690422 10.24171805),10.24171805,-75.02690422,36.0,Bajo (<1.000 m)
POINT (-74.27966531 8.837077654),8.837077654,-74.27966531,17.0,Bajo (<1.000 m)
POINT (-74.99995949 10.15517098),10.15517098,-74.99995949,120.0,Bajo (<1.000 m)
POINT (-74.10014043 7.239229146),7.239229146,-74.10014043,277.0,Bajo (<1.000 m)
POINT (-74.68840962 9.235268598),9.235268598,-74.68840962,16.0,Bajo (<1.000 m)
POINT (-74.89445635 9.540047515),9.540047515,-74.89445635,23.0,Bajo (<1.000 m)
POINT (-75.31446653 10.55663696),10.55663696,-75.31446653,83.0,Bajo (<1.000 m)
POINT (-75.15793573 9.699819876),9.699819876,-75.15793573,275.0,Bajo (<1.000 m)
POINT (-74.92811072 10.03483672),10.03483672,-74.92811072,41.0,Bajo (<1.000 m)
POINT (-73.91230147 8.864818786),8.864818786,-73.91230147,25.0,Bajo (<1.000 m)
POINT (-74.09071902 8.981717133),8.981717133,-74.09071902,24.0,Bajo (<1.000 m)
POINT (-74.70539318 9.053135895),9.053135895,-74.70539318,10.0,Bajo (<1.000 m)
POINT (-75.17978161 10.17821391),10.17821391,-75.17978161,34.0,Bajo (<1.000 m)
POINT (-74.22584706 9.054601889),9.054601889,-74.22584706,23.0,Bajo (<1.000 m)
POINT (-75.34380265 9.976017168),9.976017168,-75.34380265,5.0,Bajo (<1.000 m)
POINT (-74.46342911 8.01710024),8.01710024,-74.46342911,216.0,Bajo (<1.000 m)
POINT (-74.54519906 9.142512064),9.142512064,-74.54519906,14.0,Bajo (<1.000 m)
POINT (-73.9713459 8.253700061),8.253700061,-73.9713459,159.0,Bajo (<1.000 m)
POINT (-74.11588912 8.50613476),8.50613476,-74.11588912,336.0,Bajo (<1.000 m)
POINT (-74.40888476 8.886315511),8.886315511,-74.40888476,19.0,Bajo (<1.000 m)
POINT (-73.91450679 8.672628558),8.672628558,-73.91450679,35.0,Bajo (<1.000 m)
POINT (-73.90298668 8.559982465),8.559982465,-73.90298668,32.0,Bajo (<1.000 m)
POINT (-75.07333835 10.36972087),10.36972087,-75.07333835,13.0,Bajo (<1.000 m)
POINT (-75.20523487 10.36468192),10.36468192,-75.20523487,50.0,Bajo (<1.000 m)
POINT (-74.37186647 9.081483143),9.081483143,-74.37186647,17.0,Bajo (<1.000 m)
POINT (-75.10609201 9.835362011),9.835362011,-75.10609201,266.0,Bajo (<1.000 m)
POINT (-74.75082 8.212463202),8.212463202,-74.75082,33.0,Bajo (<1.000 m)
POINT (-75.06571959 9.967957823),9.967957823,-75.06571959,313.0,Bajo (<1.000 m)
POINT (-74.00599967 8.816088444),8.816088444,-74.00599967,366.0,Bajo (<1.000 m)
POINT (-74.10356977000001 7.507922612),7.507922612,-74.10356977000001,434.0,Bajo (<1.000 m)
POINT (-75.26548463 10.64981278),10.64981278,-75.26548463,16.0,Bajo (<1.000 m)
POINT (-75.36116053 10.46920726),10.46920726,-75.36116053,57.0,Bajo (<1.000 m)
POINT (-74.26272843 7.772519173),7.772519173,-74.26272843,1137.0,Medio (1.000-1.800 m)
POINT (-73.98371609 7.851315534),7.851315534,-73.98371609,48.0,Bajo (<1.000 m)
POINT (-75.11699226 10.33209031),10.33209031,-75.11699226,2.0,Bajo (<1.000 m)
POINT (-74.58695233 9.269516705),9.269516705,-74.58695233,11.0,Bajo (<1.000 m)
POINT (-74.29676139 8.492345176),8.492345176,-74.29676139,24.0,Bajo (<1.000 m)
POINT (-75.37971541 10.35310756),10.35310756,-75.37971541,114.0,Bajo (<1.000 m)
POINT (-75.43270299 10.25276929),10.25276929,-75.43270299,95.0,Bajo (<1.000 m)
POINT (-75.26736275 10.4449132),10.4449132,-75.26736275,123.0,Bajo (<1.000 m)
POINT (-74.88067037 9.745147021),9.745147021,-74.88067037,70.0,Bajo (<1.000 m)
POINT (-73.37801856 5.518472615),5.518472615,-73.37801856,2941.0,Muy alto (>2.200 m)
POINT (-73.38813425 4.954825081),4.954825081,-73.38813425,2216.0,Muy alto (>2.200 m)
POINT (-72.87149471 5.437416373),5.437416373,-72.87149471,3440.0,Muy alto (>2.200 m)
POINT (-73.42793109 5.73526424),5.73526424,-73.42793109,2971.0,Muy alto (>2.200 m)
POINT (-72.89369887 6.005059265),6.005059265,-72.89369887,2838.0,Muy alto (>2.200 m)
POINT (-73.12731944 5.230936356),5.230936356,-73.12731944,1343.0,Medio (1.000-1.800 m)
POINT (-72.84857876 5.920858933),5.920858933,-72.84857876,2721.0,Muy alto (>2.200 m)
POINT (-72.62021239 6.337515626),6.337515626,-72.62021239,2062.0,Alto (1.800-2.200 m)
POINT (-73.38136994 5.439856216),5.439856216,-73.38136994,2393.0,Muy alto (>2.200 m)
POINT (-73.92660705 5.673229265),5.673229265,-73.92660705,1292.0,Medio (1.000-1.800 m)
POINT (-73.95066255 5.489399419),5.489399419,-73.95066255,1853.0,Alto (1.800-2.200 m)
POINT (-72.87574623 5.843483731),5.843483731,-72.87574623,2667.0,Muy alto (>2.200 m)
POINT (-73.88057508 5.575990669),5.575990669,-73.88057508,2710.0,Muy alto (>2.200 m)
POINT (-73.1446703 5.006862536),5.006862536,-73.1446703,994.0,Bajo (<1.000 m)
POINT (-72.96447288 5.962013698),5.962013698,-72.96447288,2864.0,Muy alto (>2.200 m)
POINT (-73.34048074 5.202971639),5.202971639,-73.34048074,2332.0,Muy alto (>2.200 m)
POINT (-73.80424531 5.622488024),5.622488024,-73.80424531,2542.0,Muy alto (>2.200 m)
POINT (-72.41795675 6.68911806),6.68911806,-72.41795675,3619.0,Muy alto (>2.200 m)
POINT (-72.43903174 6.091468485),6.091468485,-72.43903174,3047.0,Muy alto (>2.200 m)
POINT (-73.42582375 5.984394625),5.984394625,-73.42582375,2042.0,Alto (1.800-2.200 m)
POINT (-73.26061715 5.556830465),5.556830465,-73.26061715,2904.0,Muy alto (>2.200 m)
POINT (-73.28205772 5.393059633),5.393059633,-73.28205772,2622.0,Muy alto (>2.200 m)
POINT (-73.32137049 5.667822366),5.667822366,-73.32137049,2885.0,Muy alto (>2.200 m)
POINT (-74.05996578 5.452461072),5.452461072,-74.05996578,1349.0,Medio (1.000-1.800 m)
POINT (-72.84544845 5.82454582),5.82454582,-72.84544845,2439.0,Muy alto (>2.200 m)
POINT (-72.74020421 6.519521476),6.519521476,-72.74020421,2255.0,Muy alto (>2.200 m)
POINT (-72.18156285 6.886954878),6.886954878,-72.18156285,1685.0,Medio (1.000-1.800 m)
POINT (-73.44598646 5.527104109),5.527104109,-73.44598646,2879.0,Muy alto (>2.200 m)
POINT (-72.93953686 5.58775449),5.58775449,-72.93953686,3106.0,Muy alto (>2.200 m)
POINT (-73.44562391 5.643075648),5.643075648,-73.44562391,2929.0,Muy alto (>2.200 m)
POINT (-73.36142379 4.871181606),4.871181606,-73.36142379,1721.0,Medio (1.000-1.800 m)
POINT (-73.06709484 5.890602515),5.890602515,-73.06709484,3150.0,Muy alto (>2.200 m)
POINT (-72.41923752 6.353363177),6.353363177,-72.41923752,3372.0,Muy alto (>2.200 m)
POINT (-72.48049625 6.508240556),6.508240556,-72.48049625,3046.0,Muy alto (>2.200 m)
POINT (-73.01983352 5.67367659),5.67367659,-73.01983352,2742.0,Muy alto (>2.200 m)
POINT (-72.92499827 5.85899211),5.85899211,-72.92499827,2511.0,Muy alto (>2.200 m)
POINT (-73.5426552 5.744105975),5.744105975,-73.5426552,2469.0,Muy alto (>2.200 m)
POINT (-72.72964765 5.799050256),5.799050256,-72.72964765,3891.0,Muy alto (>2.200 m)
POINT (-73.31430272 5.089466651),5.089466651,-73.31430272,2331.0,Muy alto (>2.200 m)
POINT (-72.51635332 6.445438546),6.445438546,-72.51635332,2689.0,Muy alto (>2.200 m)
POINT (-73.48812352 5.01450831),5.01450831,-73.48812352,1916.0,Alto (1.800-2.200 m)
POINT (-73.49663372 4.931424341),4.931424341,-73.49663372,1812.0,Alto (1.800-2.200 m)
POINT (-72.25599334 6.566991765),6.566991765,-72.25599334,3919.0,Muy alto (>2.200 m)
POINT (-72.96986504 5.617366016),5.617366016,-72.96986504,2698.0,Muy alto (>2.200 m)
POINT (-73.40087021 5.38916272),5.38916272,-73.40087021,2635.0,Muy alto (>2.200 m)
POINT (-72.58523093 6.155633662),6.155633662,-72.58523093,2888.0,Muy alto (>2.200 m)
POINT (-72.5903846 5.541378132),5.541378132,-72.5903846,1117.0,Medio (1.000-1.800 m)
POINT (-73.45923708 5.113167102),5.113167102,-73.45923708,2060.0,Alto (1.800-2.200 m)
POINT (-74.24162727 5.507008121),5.507008121,-74.24162727,1454.0,Medio (1.000-1.800 m)
POINT (-72.55551085 6.265126191),6.265126191,-72.55551085,3020.0,Muy alto (>2.200 m)
POINT (-73.514948 5.665762424),5.665762424,-73.514948,2226.0,Muy alto (>2.200 m)
POINT (-73.29413695 4.980176495),4.980176495,-73.29413695,2080.0,Alto (1.800-2.200 m)
POINT (-74.02003127 5.569810633),5.569810633,-74.02003127,990.0,Bajo (<1.000 m)
POINT (-73.17896722 5.150953297),5.150953297,-73.17896722,2285.0,Muy alto (>2.200 m)
POINT (-72.63402875 5.710937981),5.710937981,-72.63402875,1741.0,Medio (1.000-1.800 m)
POINT (-72.83298664 5.697352228),5.697352228,-72.83298664,3308.0,Muy alto (>2.200 m)
POINT (-73.55852538 5.863370485),5.863370485,-73.55852538,1858.0,Alto (1.800-2.200 m)
POINT (-73.37734267 5.606192449),5.606192449,-73.37734267,3135.0,Muy alto (>2.200 m)
POINT (-74.11177139 5.539429272),5.539429272,-74.11177139,720.0,Bajo (<1.000 m)
POINT (-72.93268324 5.778759851),5.778759851,-72.93268324,2539.0,Muy alto (>2.200 m)
POINT (-73.44873424 5.354701485),5.354701485,-73.44873424,2369.0,Muy alto (>2.200 m)
POINT (-73.27991905 5.610787844),5.610787844,-73.27991905,2704.0,Muy alto (>2.200 m)
POINT (-74.19719423 5.753787787),5.753787787,-74.19719423,871.0,Bajo (<1.000 m)
POINT (-73.39951219 5.148323877),5.148323877,-73.39951219,1869.0,Alto (1.800-2.200 m)
POINT (-73.00435863 5.095211035),5.095211035,-73.00435863,1272.0,Medio (1.000-1.800 m)
POINT (-73.13777442 5.762027786),5.762027786,-73.13777442,2680.0,Muy alto (>2.200 m)
POINT (-72.69672674 5.382328949),5.382328949,-72.69672674,1193.0,Medio (1.000-1.800 m)
POINT (-72.46182431 6.443299758),6.443299758,-72.46182431,2204.0,Muy alto (>2.200 m)
POINT (-74.00504122 5.688801559),5.688801559,-74.00504122,972.0,Bajo (<1.000 m)
POINT (-72.3692906 5.621242742),5.621242742,-72.3692906,1481.0,Medio (1.000-1.800 m)
POINT (-72.75988018 6.030008561),6.030008561,-72.75988018,2642.0,Muy alto (>2.200 m)
POINT (-73.07837993 5.498483324),5.498483324,-73.07837993,3222.0,Muy alto (>2.200 m)
POINT (-72.43993232 5.768131812),5.768131812,-72.43993232,2485.0,Muy alto (>2.200 m)
POINT (-74.4528581 5.953466654),5.953466654,-74.4528581,171.0,Bajo (<1.000 m)
POINT (-74.26857067 5.595729831),5.595729831,-74.26857067,1126.0,Medio (1.000-1.800 m)
POINT (-73.310779 5.319934092),5.319934092,-73.310779,2956.0,Muy alto (>2.200 m)
POINT (-73.62894438 5.496268621),5.496268621,-73.62894438,2665.0,Muy alto (>2.200 m)
POINT (-73.19650995 5.379947879),5.379947879,-73.19650995,2006.0,Alto (1.800-2.200 m)
POINT (-73.74799466 5.699926051),5.699926051,-73.74799466,2595.0,Muy alto (>2.200 m)
POINT (-73.543102 5.573464882),5.573464882,-73.543102,2177.0,Alto (1.800-2.200 m)
POINT (-73.5211756 5.47053997),5.47053997,-73.5211756,2762.0,Muy alto (>2.200 m)
POINT (-73.04914067 5.234614686),5.234614686,-73.04914067,1843.0,Alto (1.800-2.200 m)
POINT (-73.54386522 5.994154088),5.994154088,-73.54386522,1795.0,Medio (1.000-1.800 m)
POINT (-73.13397018 4.798203543),4.798203543,-73.13397018,592.0,Bajo (<1.000 m)
POINT (-72.55184862 6.395388812),6.395388812,-72.55184862,2528.0,Muy alto (>2.200 m)
POINT (-73.74715898 5.532326922),5.532326922,-73.74715898,2545.0,Muy alto (>2.200 m)
POINT (-74.11403749 5.677345066),5.677345066,-74.11403749,1184.0,Medio (1.000-1.800 m)
POINT (-73.48974828 6.057614971),6.057614971,-73.48974828,1488.0,Medio (1.000-1.800 m)
POINT (-73.25377506 4.823002556),4.823002556,-73.25377506,879.0,Bajo (<1.000 m)
POINT (-72.9917278 5.892950301),5.892950301,-72.9917278,2899.0,Muy alto (>2.200 m)
POINT (-73.60366287 5.731602716),5.731602716,-73.60366287,2358.0,Muy alto (>2.200 m)
POINT (-72.73032415 6.13211793),6.13211793,-72.73032415,2906.0,Muy alto (>2.200 m)
POINT (-72.72410815 6.083405978),6.083405978,-72.72410815,2702.0,Muy alto (>2.200 m)
POINT (-73.21681778 5.498747701),5.498747701,-73.21681778,3133.0,Muy alto (>2.200 m)
POINT (-72.69604089 6.323088045),6.323088045,-72.69604089,2220.0,Muy alto (>2.200 m)
POINT (-72.53646361 5.906513772),5.906513772,-72.53646361,2940.0,Muy alto (>2.200 m)
POINT (-72.68239784 5.960498836),5.960498836,-72.68239784,2883.0,Muy alto (>2.200 m)
POINT (-72.8709565 5.646672053),5.646672053,-72.8709565,3606.0,Muy alto (>2.200 m)
POINT (-73.42878785 4.970974064),4.970974064,-73.42878785,2049.0,Alto (1.800-2.200 m)
POINT (-73.44371838 5.580573191),5.580573191,-73.44371838,2730.0,Muy alto (>2.200 m)
POINT (-73.24352232 5.763010553),5.763010553,-73.24352232,2676.0,Muy alto (>2.200 m)
POINT (-73.31899997 5.494890461),5.494890461,-73.31899997,2945.0,Muy alto (>2.200 m)
POINT (-72.71575634 6.215200578),6.215200578,-72.71575634,2687.0,Muy alto (>2.200 m)
POINT (-73.62598773 5.640030759),5.640030759,-73.62598773,2261.0,Muy alto (>2.200 m)
POINT (-73.41224401 5.030711335),5.030711335,-73.41224401,1962.0,Alto (1.800-2.200 m)
POINT (-72.72626817 5.882294313),5.882294313,-72.72626817,3712.0,Muy alto (>2.200 m)
POINT (-73.42479699 5.071413139),5.071413139,-73.42479699,1695.0,Medio (1.000-1.800 m)
POINT (-73.3932521 5.301116649),5.301116649,-73.3932521,2021.0,Alto (1.800-2.200 m)
POINT (-73.01114724 5.747329389),5.747329389,-73.01114724,2691.0,Muy alto (>2.200 m)
POINT (-73.67614572 5.577566497),5.577566497,-73.67614572,2225.0,Muy alto (>2.200 m)
POINT (-72.69463583 6.42035349),6.42035349,-72.69463583,1955.0,Alto (1.800-2.200 m)
POINT (-73.1606969 5.580254287),5.580254287,-73.1606969,2843.0,Muy alto (>2.200 m)
POINT (-73.48921806 5.921830062),5.921830062,-73.48921806,1986.0,Alto (1.800-2.200 m)
POINT (-72.83672958 5.765350303),5.765350303,-72.83672958,2835.0,Muy alto (>2.200 m)
POINT (-72.99633297 5.501297215),5.501297215,-72.99633297,3379.0,Muy alto (>2.200 m)
POINT (-73.94330927 5.720301516),5.720301516,-73.94330927,1154.0,Medio (1.000-1.800 m)
POINT (-73.50908714 5.305697418),5.305697418,-73.50908714,2487.0,Muy alto (>2.200 m)
POINT (-73.17343053 5.678126998),5.678126998,-73.17343053,2652.0,Muy alto (>2.200 m)
POINT (-72.85707832 6.078051903),6.078051903,-72.85707832,3166.0,Muy alto (>2.200 m)
POINT (-73.46338477 5.217241368),5.217241368,-73.46338477,2470.0,Muy alto (>2.200 m)
POINT (-73.52097942 5.383385481),5.383385481,-73.52097942,2998.0,Muy alto (>2.200 m)
POINT (-73.26627456 5.440558216),5.440558216,-73.26627456,2860.0,Muy alto (>2.200 m)
POINT (-73.16763091 5.285635983),5.285635983,-73.16763091,1528.0,Medio (1.000-1.800 m)
POINT (-75.50727881 5.08343301),5.08343301,-75.50727881,2138.0,Alto (1.800-2.200 m)
POINT (-75.4554471 5.616204006),5.616204006,-75.4554471,2146.0,Alto (1.800-2.200 m)
POINT (-75.75289078 5.20029922),5.20029922,-75.75289078,1758.0,Medio (1.000-1.800 m)
POINT (-75.47392619 5.265539969),5.265539969,-75.47392619,2185.0,Alto (1.800-2.200 m)
POINT (-75.81225989 4.99467728),4.99467728,-75.81225989,1584.0,Medio (1.000-1.800 m)
POINT (-75.65954686 4.974340569),4.974340569,-75.65954686,1362.0,Medio (1.000-1.800 m)
POINT (-75.58978784 5.285743777),5.285743777,-75.58978784,1177.0,Medio (1.000-1.800 m)
POINT (-74.72114262 5.410515691),5.410515691,-74.72114262,194.0,Bajo (<1.000 m)
POINT (-75.55791071 5.393185716),5.393185716,-75.55791071,1446.0,Medio (1.000-1.800 m)
POINT (-75.15263447 5.23295391),5.23295391,-75.15263447,1684.0,Medio (1.000-1.800 m)
POINT (-75.60209955 5.492632029),5.492632029,-75.60209955,1685.0,Medio (1.000-1.800 m)
POINT (-75.04117892 5.309142491),5.309142491,-75.04117892,1615.0,Medio (1.000-1.800 m)
POINT (-75.28316648 5.235585244),5.235585244,-75.28316648,2541.0,Muy alto (>2.200 m)
POINT (-75.50692977 5.183358589),5.183358589,-75.50692977,1752.0,Medio (1.000-1.800 m)
POINT (-74.85492707 5.638062349),5.638062349,-74.85492707,547.0,Bajo (<1.000 m)
POINT (-75.48245057 5.500035035),5.500035035,-75.48245057,1995.0,Alto (1.800-2.200 m)
POINT (-75.66176266 5.050342543),5.050342543,-75.66176266,1061.0,Medio (1.000-1.800 m)
POINT (-75.16683996 5.407187836),5.407187836,-75.16683996,2704.0,Muy alto (>2.200 m)
POINT (-75.75220499 5.442275418),5.442275418,-75.75220499,2318.0,Muy alto (>2.200 m)
POINT (-75.73335166 5.097563816),5.097563816,-75.73335166,1175.0,Medio (1.000-1.800 m)
POINT (-75.40962177 5.370332425),5.370332425,-75.40962177,2843.0,Muy alto (>2.200 m)
POINT (-74.99718577 5.519692873),5.519692873,-74.99718577,947.0,Bajo (<1.000 m)
POINT (-75.8101789 5.083424513),5.083424513,-75.8101789,1259.0,Medio (1.000-1.800 m)
POINT (-75.64035705 5.45295802),5.45295802,-75.64035705,1309.0,Medio (1.000-1.800 m)
POINT (-74.83622502 5.447542859),5.447542859,-74.83622502,261.0,Bajo (<1.000 m)
POINT (-75.43544014 4.940211591),4.940211591,-75.43544014,3168.0,Muy alto (>2.200 m)
POINT (-75.879297 5.047822054),5.047822054,-75.879297,969.0,Bajo (<1.000 m)
POINT (-75.55823906 1.749138704),1.749138704,-75.55823906,503.0,Bajo (<1.000 m)
POINT (-75.88232651 1.22786549),1.22786549,-75.88232651,255.0,Bajo (<1.000 m)
POINT (-75.90947504 1.536174657),1.536174657,-75.90947504,784.0,Bajo (<1.000 m)
POINT (-74.27235499 0.647693081),0.647693081,-74.27235499,202.0,Bajo (<1.000 m)
POINT (-75.97328452 1.115379292),1.115379292,-75.97328452,242.0,Bajo (<1.000 m)
POINT (-75.26878109 1.713734697),1.713734697,-75.26878109,317.0,Bajo (<1.000 m)
POINT (-75.20231825 1.476630016),1.476630016,-75.20231825,258.0,Bajo (<1.000 m)
POINT (-75.23572732 1.302860442),1.302860442,-75.23572732,233.0,Bajo (<1.000 m)
POINT (-75.38664764 1.146692554),1.146692554,-75.38664764,219.0,Bajo (<1.000 m)
POINT (-75.67381123 1.38299611),1.38299611,-75.67381123,264.0,Bajo (<1.000 m)
POINT (-75.07308627 2.018940891),2.018940891,-75.07308627,551.0,Bajo (<1.000 m)
POINT (-76.11000594 1.304702314),1.304702314,-76.11000594,1120.0,Medio (1.000-1.800 m)
POINT (-74.19746971 1.308465061),1.308465061,-74.19746971,221.0,Bajo (<1.000 m)
POINT (-72.32036402 0.096131862),0.096131862,-72.32036402,144.0,Bajo (<1.000 m)
POINT (-75.64668544 0.943939454),0.943939454,-75.64668544,214.0,Bajo (<1.000 m)
POINT (-75.73779004 1.07534915),1.07534915,-75.73779004,242.0,Bajo (<1.000 m)
POINT (-76.59194419 2.471704362),2.471704362,-76.59194419,1743.0,Medio (1.000-1.800 m)
POINT (-76.83494519 1.912440521),1.912440521,-76.83494519,2268.0,Muy alto (>2.200 m)
POINT (-77.26314906 2.329337283),2.329337283,-77.26314906,1408.0,Medio (1.000-1.800 m)
POINT (-77.2088133 2.084732945),2.084732945,-77.2088133,2014.0,Alto (1.800-2.200 m)
POINT (-76.96337454 1.853951938),1.853951938,-76.96337454,1998.0,Alto (1.800-2.200 m)
POINT (-76.62158951 2.988923885),2.988923885,-76.62158951,1219.0,Medio (1.000-1.800 m)
POINT (-76.70138914 2.643209848),2.643209848,-76.70138914,1713.0,Medio (1.000-1.800 m)
POINT (-76.42719377 2.803845691),2.803845691,-76.42719377,2254.0,Muy alto (>2.200 m)
POINT (-76.32127977 3.062875557),3.062875557,-76.32127977,1511.0,Medio (1.000-1.800 m)
POINT (-76.20964569 3.136753606),3.136753606,-76.20964569,1739.0,Medio (1.000-1.800 m)
POINT (-77.00511207 2.534488312),2.534488312,-77.00511207,1825.0,Alto (1.800-2.200 m)
POINT (-77.08735723 1.69453474),1.69453474,-77.08735723,1555.0,Medio (1.000-1.800 m)
POINT (-76.39234811 3.144389993),3.144389993,-76.39234811,989.0,Bajo (<1.000 m)
POINT (-77.69047531 2.41326696),2.41326696,-77.69047531,89.0,Bajo (<1.000 m)
POINT (-76.13762531 2.499058783),2.499058783,-76.13762531,2851.0,Muy alto (>2.200 m)
POINT (-76.31124919 2.84981013),2.84981013,-76.31124919,1989.0,Alto (1.800-2.200 m)
POINT (-76.78228032 2.187473572),2.187473572,-76.78228032,1391.0,Medio (1.000-1.800 m)
POINT (-76.7588062 2.053933426),2.053933426,-76.7588062,2362.0,Muy alto (>2.200 m)
POINT (-77.24212158 2.95819877),2.95819877,-77.24212158,126.0,Bajo (<1.000 m)
POINT (-77.18060381 1.793825164),1.793825164,-77.18060381,1082.0,Medio (1.000-1.800 m)
POINT (-76.21670827 3.228235212),3.228235212,-76.21670827,1281.0,Medio (1.000-1.800 m)
POINT (-76.74605152 2.773663981),2.773663981,-76.74605152,1540.0,Medio (1.000-1.800 m)
POINT (-76.3362418 3.194730618),3.194730618,-76.3362418,992.0,Bajo (<1.000 m)
POINT (-75.99368264 2.733887702),2.733887702,-75.99368264,2480.0,Muy alto (>2.200 m)
POINT (-77.0465762 2.157983906),2.157983906,-77.0465762,598.0,Bajo (<1.000 m)
POINT (-76.4443271 1.054128816),1.054128816,-76.4443271,358.0,Bajo (<1.000 m)
POINT (-76.53770455 2.702420026),2.702420026,-76.53770455,1730.0,Medio (1.000-1.800 m)
POINT (-76.41846353 3.266724205),3.266724205,-76.41846353,966.0,Bajo (<1.000 m)
POINT (-76.44826938 2.262153618),2.262153618,-76.44826938,3279.0,Muy alto (>2.200 m)
POINT (-76.74582033 2.260421954),2.260421954,-76.74582033,1658.0,Medio (1.000-1.800 m)
POINT (-76.71652424 1.856261815),1.856261815,-76.71652424,3032.0,Muy alto (>2.200 m)
POINT (-76.49873145 2.984467338),2.984467338,-76.49873145,1144.0,Medio (1.000-1.800 m)
POINT (-76.53876281 1.52002179),1.52002179,-76.53876281,1125.0,Medio (1.000-1.800 m)
POINT (-76.35057356 2.651291894),2.651291894,-76.35057356,3159.0,Muy alto (>2.200 m)
POINT (-76.61146633 2.231820541),2.231820541,-76.61146633,2783.0,Muy alto (>2.200 m)
POINT (-76.7458243 2.936865997),2.936865997,-76.7458243,1944.0,Alto (1.800-2.200 m)
POINT (-76.90993965 2.057735184),2.057735184,-76.90993965,1674.0,Medio (1.000-1.800 m)
POINT (-76.71051932 2.369625312),2.369625312,-76.71051932,1757.0,Medio (1.000-1.800 m)
POINT (-77.49131577 2.699475127),2.699475127,-77.49131577,48.0,Bajo (<1.000 m)
POINT (-76.20331566 2.975771999),2.975771999,-76.20331566,2625.0,Muy alto (>2.200 m)
POINT (-76.39675937 2.475213085),2.475213085,-76.39675937,2558.0,Muy alto (>2.200 m)
POINT (-76.46445558 3.180627317),3.180627317,-76.46445558,968.0,Bajo (<1.000 m)
POINT (-73.45784764 10.21890277),10.21890277,-73.45784764,84.0,Bajo (<1.000 m)
POINT (-73.6227405 8.248735219),8.248735219,-73.6227405,111.0,Bajo (<1.000 m)
POINT (-73.22358244 9.949215908),9.949215908,-73.22358244,123.0,Bajo (<1.000 m)
POINT (-73.94214641 9.510727925),9.510727925,-73.94214641,84.0,Bajo (<1.000 m)
POINT (-73.25250522 9.727732939),9.727732939,-73.25250522,103.0,Bajo (<1.000 m)
POINT (-73.86628815 9.946391309),9.946391309,-73.86628815,83.0,Bajo (<1.000 m)
POINT (-73.84697903 9.27797765),9.27797765,-73.84697903,57.0,Bajo (<1.000 m)
POINT (-73.54797894 9.426648354),9.426648354,-73.54797894,40.0,Bajo (<1.000 m)
POINT (-73.48810861 9.238771332),9.238771332,-73.48810861,188.0,Bajo (<1.000 m)
POINT (-73.91282064 10.19995356),10.19995356,-73.91282064,209.0,Bajo (<1.000 m)
POINT (-73.73833778 9.683474681),9.683474681,-73.73833778,40.0,Bajo (<1.000 m)
POINT (-73.70649199 8.337726622),8.337726622,-73.70649199,65.0,Bajo (<1.000 m)
POINT (-73.37537309 8.405516522),8.405516522,-73.37537309,1383.0,Medio (1.000-1.800 m)
POINT (-73.61602384 8.588002247),8.588002247,-73.61602384,111.0,Bajo (<1.000 m)
POINT (-73.32249338 9.52099808),9.52099808,-73.32249338,184.0,Bajo (<1.000 m)
POINT (-73.00706275 10.38027852),10.38027852,-73.00706275,1176.0,Medio (1.000-1.800 m)
POINT (-73.57247213 8.938916143),8.938916143,-73.57247213,213.0,Bajo (<1.000 m)
POINT (-73.63295546 8.764116734),8.764116734,-73.63295546,166.0,Bajo (<1.000 m)
POINT (-73.61450632 10.41736874),10.41736874,-73.61450632,1048.0,Medio (1.000-1.800 m)
POINT (-73.48750127 8.201070245),8.201070245,-73.48750127,243.0,Bajo (<1.000 m)
POINT (-73.07824569 10.24440562),10.24440562,-73.07824569,1283.0,Medio (1.000-1.800 m)
POINT (-73.47218888 7.769815987),7.769815987,-73.47218888,79.0,Bajo (<1.000 m)
POINT (-73.2879827 10.16952712),10.16952712,-73.2879827,98.0,Bajo (<1.000 m)
POINT (-73.54436312 7.937788454),7.937788454,-73.54436312,74.0,Bajo (<1.000 m)
POINT (-73.7633962 8.902075012),8.902075012,-73.7633962,37.0,Bajo (<1.000 m)
POINT (-75.95055079 8.584698016),8.584698016,-75.95055079,47.0,Bajo (<1.000 m)
POINT (-75.04868436 8.265768688),8.265768688,-75.04868436,19.0,Bajo (<1.000 m)
POINT (-75.43382532 8.191397953),8.191397953,-75.43382532,58.0,Bajo (<1.000 m)
POINT (-76.23779081 8.7240958),8.7240958,-76.23779081,110.0,Bajo (<1.000 m)
POINT (-75.87842391 8.895667051),8.895667051,-75.87842391,13.0,Bajo (<1.000 m)
POINT (-75.65237351 9.11024941),9.11024941,-75.65237351,4.0,Bajo (<1.000 m)
POINT (-75.37387363 9.053287104),9.053287104,-75.37387363,80.0,Bajo (<1.000 m)
POINT (-75.60779829 8.841811894),8.841811894,-75.60779829,27.0,Bajo (<1.000 m)
POINT (-75.75459276 9.071460219),9.071460219,-75.75459276,3.0,Bajo (<1.000 m)
POINT (-75.28816022 8.052218422),8.052218422,-75.28816022,46.0,Bajo (<1.000 m)
POINT (-75.90978124 9.165034998),9.165034998,-75.90978124,38.0,Bajo (<1.000 m)
POINT (-76.3430552 8.823307063),8.823307063,-76.3430552,102.0,Bajo (<1.000 m)
POINT (-75.65090876 9.265461621),9.265461621,-75.65090876,20.0,Bajo (<1.000 m)
POINT (-75.87533926 7.866432635),7.866432635,-75.87533926,120.0,Bajo (<1.000 m)
POINT (-76.11931709 9.190515343),9.190515343,-76.11931709,64.0,Bajo (<1.000 m)
POINT (-75.68923803 8.181108488),8.181108488,-75.68923803,110.0,Bajo (<1.000 m)
POINT (-75.40516154 8.481339568),8.481339568,-75.40516154,54.0,Bajo (<1.000 m)
POINT (-76.19405912 8.988667731),8.988667731,-76.19405912,27.0,Bajo (<1.000 m)
POINT (-75.77123224 7.711515736),7.711515736,-75.77123224,292.0,Bajo (<1.000 m)
POINT (-75.72129392 9.282386127),9.282386127,-75.72129392,59.0,Bajo (<1.000 m)
POINT (-75.42925664 8.799007016),8.799007016,-75.42925664,100.0,Bajo (<1.000 m)
POINT (-75.52091711 9.121296353),9.121296353,-75.52091711,79.0,Bajo (<1.000 m)
POINT (-75.78700252 9.359667489),9.359667489,-75.78700252,15.0,Bajo (<1.000 m)
POINT (-75.97623858 9.330098329),9.330098329,-75.97623858,3.0,Bajo (<1.000 m)
POINT (-75.69251825 8.706464263),8.706464263,-75.69251825,50.0,Bajo (<1.000 m)
POINT (-75.5672474 7.753054395),7.753054395,-75.5672474,151.0,Bajo (<1.000 m)
POINT (-75.90958771 8.987777392),8.987777392,-75.90958771,26.0,Bajo (<1.000 m)
POINT (-76.16846678 7.813896829),7.813896829,-76.16846678,488.0,Bajo (<1.000 m)
POINT (-75.54410593 9.224630803),9.224630803,-75.54410593,76.0,Bajo (<1.000 m)
POINT (-76.2213286 8.219904128),8.219904128,-76.2213286,210.0,Bajo (<1.000 m)
POINT (-74.67111051 4.372744676),4.372744676,-74.67111051,376.0,Bajo (<1.000 m)
POINT (-74.44278432 4.891121638),4.891121638,-74.44278432,2128.0,Alto (1.800-2.200 m)
POINT (-74.5256953 4.559962881),4.559962881,-74.5256953,719.0,Bajo (<1.000 m)
POINT (-74.46194256 4.789313614),4.789313614,-74.46194256,1531.0,Medio (1.000-1.800 m)
POINT (-74.39576291 4.232786985),4.232786985,-74.39576291,1926.0,Alto (1.800-2.200 m)
POINT (-74.71491399 4.791721105),4.791721105,-74.71491399,489.0,Bajo (<1.000 m)
POINT (-74.52862766 4.847821091),4.847821091,-74.52862766,1466.0,Medio (1.000-1.800 m)
POINT (-74.3354077 4.705576252),4.705576252,-74.3354077,2619.0,Muy alto (>2.200 m)
POINT (-74.44615606 3.91861924),3.91861924,-74.44615606,2664.0,Muy alto (>2.200 m)
POINT (-74.45919528 4.723063341),4.723063341,-74.45919528,1353.0,Medio (1.000-1.800 m)
POINT (-74.02985115 4.930402779),4.930402779,-74.02985115,2562.0,Muy alto (>2.200 m)
POINT (-74.52123595 5.381501399),5.381501399,-74.52123595,702.0,Bajo (<1.000 m)
POINT (-73.94482435 4.402259457),4.402259457,-73.94482435,1735.0,Medio (1.000-1.800 m)
POINT (-73.92614817 5.338856556),5.338856556,-73.92614817,3009.0,Muy alto (>2.200 m)
POINT (-74.63090139 4.95425175),4.95425175,-74.63090139,1100.0,Medio (1.000-1.800 m)
POINT (-74.03809539 4.857823671),4.857823671,-74.03809539,2546.0,Muy alto (>2.200 m)
POINT (-74.04605246 4.463746629),4.463746629,-74.04605246,2867.0,Muy alto (>2.200 m)
POINT (-73.95290054 4.578183896),4.578183896,-73.95290054,2412.0,Muy alto (>2.200 m)
POINT (-73.68068583 5.118419271),5.118419271,-73.68068583,2766.0,Muy alto (>2.200 m)
POINT (-73.97536559 5.103127532),5.103127532,-73.97536559,2795.0,Muy alto (>2.200 m)
POINT (-74.1415583 4.76754674),4.76754674,-74.1415583,2555.0,Muy alto (>2.200 m)
POINT (-73.78001885 5.230308105),5.230308105,-73.78001885,2638.0,Muy alto (>2.200 m)
POINT (-74.42658478 4.556947085),4.556947085,-74.42658478,1556.0,Medio (1.000-1.800 m)
POINT (-74.30830564 5.261728244),5.261728244,-74.30830564,1346.0,Medio (1.000-1.800 m)
POINT (-74.23802273 4.879723016),4.879723016,-74.23802273,2632.0,Muy alto (>2.200 m)
POINT (-74.3380229 4.834052334),4.834052334,-74.3380229,2708.0,Muy alto (>2.200 m)
POINT (-73.79705267 4.528568462),4.528568462,-73.79705267,3073.0,Muy alto (>2.200 m)
POINT (-73.95286784 4.316280072),4.316280072,-73.95286784,1951.0,Alto (1.800-2.200 m)
POINT (-74.19865992 4.743996711),4.743996711,-74.19865992,2551.0,Muy alto (>2.200 m)
POINT (-73.77059829 5.416288902),5.416288902,-73.77059829,2744.0,Muy alto (>2.200 m)
POINT (-74.38859114 4.323534028),4.323534028,-74.38859114,1607.0,Medio (1.000-1.800 m)
POINT (-73.51055381 4.65495513),4.65495513,-73.51055381,1733.0,Medio (1.000-1.800 m)
POINT (-73.87671759 5.01001953),5.01001953,-73.87671759,2563.0,Muy alto (>2.200 m)
POINT (-73.61773287 4.867551134),4.867551134,-73.61773287,2274.0,Muy alto (>2.200 m)
POINT (-73.60054441 4.723573464),4.723573464,-73.60054441,2781.0,Muy alto (>2.200 m)
POINT (-74.81143922 4.338154518),4.338154518,-74.81143922,349.0,Bajo (<1.000 m)
POINT (-74.33724619 4.523484884),4.523484884,-74.33724619,2454.0,Muy alto (>2.200 m)
POINT (-73.69328234 5.387291542),5.387291542,-73.69328234,2678.0,Muy alto (>2.200 m)
POINT (-74.64014651 5.173554764),5.173554764,-74.64014651,925.0,Bajo (<1.000 m)
POINT (-73.84643485 4.801276832),4.801276832,-73.84643485,3340.0,Muy alto (>2.200 m)
POINT (-74.78257788 4.516381655),4.516381655,-74.78257788,366.0,Bajo (<1.000 m)
POINT (-73.78648564 4.91158717),4.91158717,-73.78648564,2838.0,Muy alto (>2.200 m)
POINT (-74.4767709 4.866310254),4.866310254,-74.4767709,1614.0,Medio (1.000-1.800 m)
POINT (-73.83543981 4.231875945),4.231875945,-73.83543981,1695.0,Medio (1.000-1.800 m)
POINT (-74.0246527 4.166089563),4.166089563,-74.0246527,2043.0,Alto (1.800-2.200 m)
POINT (-74.68915854 4.571350254),4.571350254,-74.68915854,307.0,Bajo (<1.000 m)
POINT (-73.69247873 4.705170789),4.705170789,-73.69247873,2854.0,Muy alto (>2.200 m)
POINT (-73.92939921 4.700785443),4.700785443,-73.92939921,2906.0,Muy alto (>2.200 m)
POINT (-74.47321717 4.650773167),4.650773167,-74.47321717,927.0,Bajo (<1.000 m)
POINT (-74.40807863 5.333400646),5.333400646,-74.40807863,1421.0,Medio (1.000-1.800 m)
POINT (-74.40786611 5.20459882),5.20459882,-74.40786611,773.0,Bajo (<1.000 m)
POINT (-74.33936061 4.978619842),4.978619842,-74.33936061,1495.0,Medio (1.000-1.800 m)
POINT (-73.68153228 5.303637171),5.303637171,-73.68153228,2971.0,Muy alto (>2.200 m)
POINT (-73.61738241 5.040349198),5.040349198,-73.61738241,2064.0,Alto (1.800-2.200 m)
POINT (-74.2896305 4.75156751),4.75156751,-74.2896305,2551.0,Muy alto (>2.200 m)
POINT (-73.56313741 4.976881151),4.976881151,-73.56313741,1795.0,Medio (1.000-1.800 m)
POINT (-73.40598487 4.484437919),4.484437919,-73.40598487,675.0,Bajo (<1.000 m)
POINT (-74.23573194 4.672714223),4.672714223,-74.23573194,2544.0,Muy alto (>2.200 m)
POINT (-74.80565317 4.407952015),4.407952015,-74.80565317,433.0,Bajo (<1.000 m)
POINT (-73.88380238 5.093705358),5.093705358,-73.88380238,2572.0,Muy alto (>2.200 m)
POINT (-74.614695 4.294780933),4.294780933,-74.614695,348.0,Bajo (<1.000 m)
POINT (-74.39737048 5.121445325),5.121445325,-74.39737048,872.0,Bajo (<1.000 m)
POINT (-74.38975476 5.066110761),5.066110761,-74.38975476,1044.0,Medio (1.000-1.800 m)
POINT (-74.45259796 4.063342074),4.063342074,-74.45259796,2187.0,Alto (1.800-2.200 m)
POINT (-74.16336544 5.168367634),5.168367634,-74.16336544,1616.0,Medio (1.000-1.800 m)
POINT (-74.16395696 5.387647345),5.387647345,-74.16395696,923.0,Bajo (<1.000 m)
POINT (-74.4711213 4.180497268),4.180497268,-74.4711213,1302.0,Medio (1.000-1.800 m)
POINT (-73.2416614 4.368158959),4.368158959,-73.2416614,272.0,Bajo (<1.000 m)
POINT (-74.27396924 4.293733611),4.293733611,-74.27396924,2575.0,Muy alto (>2.200 m)
POINT (-74.5801923 5.619752748),5.619752748,-74.5801923,202.0,Bajo (<1.000 m)
POINT (-74.68074404 4.691336253),4.691336253,-74.68074404,871.0,Bajo (<1.000 m)
POINT (-74.4945107 5.09998103),5.09998103,-74.4945107,920.0,Bajo (<1.000 m)
POINT (-73.85264561 4.334589044),4.334589044,-73.85264561,1742.0,Medio (1.000-1.800 m)
POINT (-74.55359926 4.726907976),4.726907976,-74.55359926,1678.0,Medio (1.000-1.800 m)
POINT (-74.59124656 4.537711619),4.537711619,-74.59124656,516.0,Bajo (<1.000 m)
POINT (-74.72943403 4.307363489),4.307363489,-74.72943403,289.0,Bajo (<1.000 m)
POINT (-74.34490342 4.599741357),4.599741357,-74.34490342,1529.0,Medio (1.000-1.800 m)
POINT (-74.35397692 4.140958464),4.140958464,-74.35397692,2708.0,Muy alto (>2.200 m)
POINT (-74.07232077 5.314600423),5.314600423,-74.07232077,2474.0,Muy alto (>2.200 m)
POINT (-74.27217129 4.964100703),4.964100703,-74.27217129,1781.0,Medio (1.000-1.800 m)
POINT (-74.61525985 4.814537831),4.814537831,-74.61525985,1065.0,Medio (1.000-1.800 m)
POINT (-74.41230921 4.946805263),4.946805263,-74.41230921,1431.0,Medio (1.000-1.800 m)
POINT (-73.77206544 5.000633875),5.000633875,-73.77206544,2902.0,Muy alto (>2.200 m)
POINT (-74.26328963 4.465970004),4.465970004,-74.26328963,2690.0,Muy alto (>2.200 m)
POINT (-74.37050903 4.436967141),4.436967141,-74.37050903,1857.0,Alto (1.800-2.200 m)
POINT (-73.84519164 5.509773128),5.509773128,-73.84519164,2555.0,Muy alto (>2.200 m)
POINT (-74.24029696 4.581866267),4.581866267,-74.24029696,2551.0,Muy alto (>2.200 m)
POINT (-73.96587528 4.888060112),4.888060112,-73.96587528,2557.0,Muy alto (>2.200 m)
POINT (-74.15689923 4.970358034),4.970358034,-74.15689923,2797.0,Muy alto (>2.200 m)
POINT (-73.82427313 5.122728461),5.122728461,-73.82427313,2916.0,Muy alto (>2.200 m)
POINT (-74.23138328 5.061692703),5.061692703,-74.23138328,1823.0,Alto (1.800-2.200 m)
POINT (-73.82392529 5.440092358),5.440092358,-73.82392529,2752.0,Muy alto (>2.200 m)
POINT (-73.85540343 5.242909347),5.242909347,-73.85540343,2607.0,Muy alto (>2.200 m)
POINT (-74.08449648 4.951520046),4.951520046,-74.08449648,2625.0,Muy alto (>2.200 m)
POINT (-73.95819594 5.170527212),5.170527212,-73.95819594,3009.0,Muy alto (>2.200 m)
POINT (-74.36764956 4.666608192),4.666608192,-74.36764956,1824.0,Alto (1.800-2.200 m)
POINT (-74.14680287 4.838548601),4.838548601,-74.14680287,2572.0,Muy alto (>2.200 m)
POINT (-74.48667274 4.321357899),4.321357899,-74.48667274,1617.0,Medio (1.000-1.800 m)
POINT (-73.51362546 5.084102682),5.084102682,-73.51362546,2371.0,Muy alto (>2.200 m)
POINT (-74.64864406 4.452072974),4.452072974,-74.64864406,347.0,Bajo (<1.000 m)
POINT (-73.92887021 4.968852913),4.968852913,-73.92887021,2556.0,Muy alto (>2.200 m)
POINT (-74.28963994 5.355688386),5.355688386,-74.28963994,1310.0,Medio (1.000-1.800 m)
POINT (-73.47654604 4.803805182),4.803805182,-73.47654604,2217.0,Muy alto (>2.200 m)
POINT (-73.97564545 4.500754182),4.500754182,-73.97564545,2502.0,Muy alto (>2.200 m)
POINT (-73.82010566 5.316080652),5.316080652,-73.82010566,2564.0,Muy alto (>2.200 m)
POINT (-74.11187304 4.244611163),4.244611163,-74.11187304,3441.0,Muy alto (>2.200 m)
POINT (-74.47780003 5.192795708),5.192795708,-74.47780003,508.0,Bajo (<1.000 m)
POINT (-74.30979229 5.131267542),5.131267542,-74.30979229,1126.0,Medio (1.000-1.800 m)
POINT (-74.54936655 4.914040619),4.914040619,-74.54936655,1656.0,Medio (1.000-1.800 m)
POINT (-74.19074375 5.270694636),5.270694636,-74.19074375,1643.0,Medio (1.000-1.800 m)
POINT (-73.57725921 5.227298709),5.227298709,-73.57725921,2876.0,Muy alto (>2.200 m)
POINT (-74.48764746 5.011670402),5.011670402,-74.48764746,858.0,Bajo (<1.000 m)
POINT (-74.48543339 4.436054105),4.436054105,-74.48543339,922.0,Bajo (<1.000 m)
POINT (-74.36480865 5.591910157),5.591910157,-74.36480865,1110.0,Medio (1.000-1.800 m)
POINT (-74.38673444 4.75432173),4.75432173,-74.38673444,2639.0,Muy alto (>2.200 m)
POINT (-74.04960323 5.06631685),5.06631685,-74.04960323,3248.0,Muy alto (>2.200 m)
POINT (-76.65015147 5.7543229),5.7543229,-76.65015147,38.0,Bajo (<1.000 m)
POINT (-77.26560256 8.383938499),8.383938499,-77.26560256,68.0,Bajo (<1.000 m)
POINT (-77.0842154 5.636740989),5.636740989,-77.0842154,373.0,Bajo (<1.000 m)
POINT (-76.65064357 5.525825084),5.525825084,-76.65064357,43.0,Bajo (<1.000 m)
POINT (-76.19796907 5.503119772),5.503119772,-76.19796907,623.0,Bajo (<1.000 m)
POINT (-77.41653534 6.162762775),6.162762775,-77.41653534,171.0,Bajo (<1.000 m)
POINT (-77.08271352 4.492865435),4.492865435,-77.08271352,104.0,Bajo (<1.000 m)
POINT (-77.09933025 6.474666885),6.474666885,-77.09933025,82.0,Bajo (<1.000 m)
POINT (-76.77255624 5.359661967),5.359661967,-76.77255624,97.0,Bajo (<1.000 m)
POINT (-76.97423016 7.033646541),7.033646541,-76.97423016,1.0,Bajo (<1.000 m)
POINT (-76.52264237 5.389828229),5.389828229,-76.52264237,140.0,Bajo (<1.000 m)
POINT (-76.50701751 5.070586101),5.070586101,-76.50701751,236.0,Bajo (<1.000 m)
POINT (-76.19189442 5.810938364),5.810938364,-76.19189442,1680.0,Medio (1.000-1.800 m)
POINT (-76.98785828 4.272940191),4.272940191,-76.98785828,76.0,Bajo (<1.000 m)
POINT (-77.00090737 4.586818665),4.586818665,-77.00090737,111.0,Bajo (<1.000 m)
POINT (-77.67973662 7.103338868),7.103338868,-77.67973662,113.0,Bajo (<1.000 m)
POINT (-76.38544449 5.585101179),5.585101179,-76.38544449,247.0,Bajo (<1.000 m)
POINT (-76.6734697 6.033880098),6.033880098,-76.6734697,44.0,Bajo (<1.000 m)
POINT (-76.99593075 5.110392243),5.110392243,-76.99593075,24.0,Bajo (<1.000 m)
POINT (-76.80861843 4.621182739),4.621182739,-76.80861843,49.0,Bajo (<1.000 m)
POINT (-76.61823669 4.853386627),4.853386627,-76.61823669,131.0,Bajo (<1.000 m)
POINT (-77.33057439 5.591359844),5.591359844,-77.33057439,198.0,Bajo (<1.000 m)
POINT (-76.41996151 5.190995015),5.190995015,-76.41996151,552.0,Bajo (<1.000 m)
POINT (-76.81157084 5.567533337),5.567533337,-76.81157084,104.0,Bajo (<1.000 m)
POINT (-77.24067483 7.389887937),7.389887937,-77.24067483,22.0,Bajo (<1.000 m)
POINT (-76.28002361 4.958741345),4.958741345,-76.28002361,1101.0,Medio (1.000-1.800 m)
POINT (-76.54194459 4.594415157),4.594415157,-76.54194459,168.0,Bajo (<1.000 m)
POINT (-76.33109547 5.26610158),5.26610158,-76.33109547,577.0,Bajo (<1.000 m)
POINT (-77.10372723 8.117281079),8.117281079,-77.10372723,78.0,Bajo (<1.000 m)
POINT (-76.61962746 5.281599258),5.281599258,-76.61962746,106.0,Bajo (<1.000 m)
POINT (-75.27236232 2.993360046),2.993360046,-75.27236232,417.0,Bajo (<1.000 m)
POINT (-75.99664184 1.709114446),1.709114446,-75.99664184,1264.0,Medio (1.000-1.800 m)
POINT (-75.71632236 2.26975042),2.26975042,-75.71632236,784.0,Bajo (<1.000 m)
POINT (-75.27670655 3.243441923),3.243441923,-75.27670655,421.0,Bajo (<1.000 m)
POINT (-75.29134946 2.49785068),2.49785068,-75.29134946,1733.0,Medio (1.000-1.800 m)
POINT (-75.76858288 2.07922808),2.07922808,-75.76858288,937.0,Bajo (<1.000 m)
POINT (-74.95797796 3.135423634),3.135423634,-74.95797796,1671.0,Medio (1.000-1.800 m)
POINT (-75.32943803 2.658666675),2.658666675,-75.32943803,545.0,Bajo (<1.000 m)
POINT (-74.78516117 3.262763564),3.262763564,-74.78516117,2164.0,Alto (1.800-2.200 m)
POINT (-75.94430521 2.022053305),2.022053305,-75.94430521,1126.0,Medio (1.000-1.800 m)
POINT (-75.57131243 2.172441496),2.172441496,-75.57131243,1481.0,Medio (1.000-1.800 m)
POINT (-75.51699754 2.371781539),2.371781539,-75.51699754,1187.0,Medio (1.000-1.800 m)
POINT (-75.69693549 1.984394016),1.984394016,-75.69693549,1650.0,Medio (1.000-1.800 m)
POINT (-75.44781083 2.541654161),2.541654161,-75.44781083,802.0,Bajo (<1.000 m)
POINT (-75.67383141 2.691517773),2.691517773,-75.67383141,2705.0,Muy alto (>2.200 m)
POINT (-76.18204722 1.945591321),1.945591321,-76.18204722,1785.0,Medio (1.000-1.800 m)
POINT (-76.00679451 2.156287619),2.156287619,-76.00679451,2243.0,Muy alto (>2.200 m)
POINT (-76.00117299 2.328076586),2.328076586,-76.00117299,1822.0,Alto (1.800-2.200 m)
POINT (-75.78693757 2.576066285),2.576066285,-75.78693757,1533.0,Medio (1.000-1.800 m)
POINT (-76.04110289 2.061191362),2.061191362,-76.04110289,1956.0,Alto (1.800-2.200 m)
POINT (-75.72803027 2.40689827),2.40689827,-75.72803027,1003.0,Medio (1.000-1.800 m)
POINT (-75.44066118 2.914491967),2.914491967,-75.44066118,571.0,Bajo (<1.000 m)
POINT (-76.1478559 1.68458076),1.68458076,-76.1478559,1794.0,Medio (1.000-1.800 m)
POINT (-75.8319516 2.259601773),2.259601773,-75.8319516,1034.0,Medio (1.000-1.800 m)
POINT (-76.05217643 1.848217185),1.848217185,-76.05217643,1253.0,Medio (1.000-1.800 m)
POINT (-75.23536868 2.79286115),2.79286115,-75.23536868,740.0,Bajo (<1.000 m)
POINT (-76.22897871 2.100382849),2.100382849,-76.22897871,1993.0,Alto (1.800-2.200 m)
POINT (-76.4165655 1.924165493),1.924165493,-76.4165655,1872.0,Alto (1.800-2.200 m)
POINT (-75.63359786 2.926265937),2.926265937,-75.63359786,1876.0,Alto (1.800-2.200 m)
POINT (-75.80798471 1.870992095),1.870992095,-75.80798471,1037.0,Medio (1.000-1.800 m)
POINT (-75.87534845 2.130280544),2.130280544,-75.87534845,1268.0,Medio (1.000-1.800 m)
POINT (-75.68259642 2.526855132),2.526855132,-75.68259642,872.0,Bajo (<1.000 m)
POINT (-75.08536553 3.030611777),3.030611777,-75.08536553,1172.0,Medio (1.000-1.800 m)
POINT (-75.75988934 2.851852692),2.851852692,-75.75988934,3014.0,Muy alto (>2.200 m)
POINT (-75.91757649 1.950715226),1.950715226,-75.91757649,1249.0,Medio (1.000-1.800 m)
POINT (-75.13838292 3.287057875),3.287057875,-75.13838292,438.0,Bajo (<1.000 m)
POINT (-75.51592645 2.646563339),2.646563339,-75.51592645,597.0,Bajo (<1.000 m)
POINT (-72.95876315 11.24297214),11.24297214,-72.95876315,92.0,Bajo (<1.000 m)
POINT (-72.53209657 11.22869049),11.22869049,-72.53209657,80.0,Bajo (<1.000 m)
POINT (-72.69696879 10.94871677),10.94871677,-72.69696879,238.0,Bajo (<1.000 m)
POINT (-73.43568788 11.09029715),11.09029715,-73.43568788,1154.0,Medio (1.000-1.800 m)
POINT (-72.94444027 10.92505107),10.92505107,-72.94444027,260.0,Bajo (<1.000 m)
POINT (-72.8858431 10.63669646),10.63669646,-72.8858431,456.0,Bajo (<1.000 m)
POINT (-72.8018178 10.8283716),10.8283716,-72.8018178,219.0,Bajo (<1.000 m)
POINT (-72.73842427 11.09905582),11.09905582,-72.73842427,321.0,Bajo (<1.000 m)
POINT (-73.07209193 10.4580941),10.4580941,-73.07209193,673.0,Bajo (<1.000 m)
POINT (-72.29500818 11.38157764),11.38157764,-72.29500818,55.0,Bajo (<1.000 m)
POINT (-72.57160392 11.60554263),11.60554263,-72.57160392,15.0,Bajo (<1.000 m)
POINT (-73.08659986 10.81311496),10.81311496,-73.08659986,506.0,Bajo (<1.000 m)
POINT (-71.74882662 11.99971986),11.99971986,-71.74882662,130.0,Bajo (<1.000 m)
POINT (-72.98623991 10.4947021),10.4947021,-72.98623991,1162.0,Medio (1.000-1.800 m)
POINT (-72.97520286 10.58364755),10.58364755,-72.97520286,265.0,Bajo (<1.000 m)
POINT (-73.88527855 11.12189436),11.12189436,-73.88527855,1097.0,Medio (1.000-1.800 m)
POINT (-74.10323027 10.25356475),10.25356475,-74.10323027,102.0,Bajo (<1.000 m)
POINT (-73.87972257 10.64490877),10.64490877,-73.87972257,1485.0,Medio (1.000-1.800 m)
POINT (-74.08460085 9.834264955),9.834264955,-74.08460085,123.0,Bajo (<1.000 m)
POINT (-74.80834413 10.3132933),10.3132933,-74.80834413,9.0,Bajo (<1.000 m)
POINT (-74.52606667 10.09951961),10.09951961,-74.52606667,118.0,Bajo (<1.000 m)
POINT (-74.02500493 10.85754552),10.85754552,-74.02500493,1245.0,Medio (1.000-1.800 m)
POINT (-74.77810175 10.23284801),10.23284801,-74.77810175,55.0,Bajo (<1.000 m)
POINT (-73.98105491 9.114930635),9.114930635,-73.98105491,33.0,Bajo (<1.000 m)
POINT (-74.67817756 10.34310988),10.34310988,-74.67817756,43.0,Bajo (<1.000 m)
POINT (-74.3251597 10.65961696),10.65961696,-74.3251597,11.0,Bajo (<1.000 m)
POINT (-73.88406518 10.45937818),10.45937818,-73.88406518,1281.0,Medio (1.000-1.800 m)
POINT (-74.13968085 9.248004673),9.248004673,-74.13968085,49.0,Bajo (<1.000 m)
POINT (-74.32840222 9.735998134),9.735998134,-74.32840222,101.0,Bajo (<1.000 m)
POINT (-74.83178091 10.15429546),10.15429546,-74.83178091,38.0,Bajo (<1.000 m)
POINT (-74.1447657 9.530748654),9.530748654,-74.1447657,89.0,Bajo (<1.000 m)
POINT (-74.41251197 10.43303399),10.43303399,-74.41251197,42.0,Bajo (<1.000 m)
POINT (-74.60181576 9.76945611),9.76945611,-74.60181576,72.0,Bajo (<1.000 m)
POINT (-74.36057942 10.84758901),10.84758901,-74.36057942,0.0,Bajo (<1.000 m)
POINT (-74.58106823 10.64860351),10.64860351,-74.58106823,7.0,Bajo (<1.000 m)
POINT (-74.2644392 10.10533028),10.10533028,-74.2644392,158.0,Bajo (<1.000 m)
POINT (-74.72296972 10.51538178),10.51538178,-74.72296972,9.0,Bajo (<1.000 m)
POINT (-74.19797988 9.380680272),9.380680272,-74.19797988,43.0,Bajo (<1.000 m)
POINT (-74.35851644 9.306869548),9.306869548,-74.35851644,27.0,Bajo (<1.000 m)
POINT (-74.44419381 9.503097215),9.503097215,-74.44419381,56.0,Bajo (<1.000 m)
POINT (-74.66521178 9.484388135),9.484388135,-74.66521178,54.0,Bajo (<1.000 m)
POINT (-74.62966038 10.89027616),10.89027616,-74.62966038,5.0,Bajo (<1.000 m)
POINT (-74.73263001 9.924701267),9.924701267,-74.73263001,67.0,Bajo (<1.000 m)
POINT (-74.69115456 10.11779893),10.11779893,-74.69115456,24.0,Bajo (<1.000 m)
POINT (-74.17798317 10.79634658),10.79634658,-74.17798317,18.0,Bajo (<1.000 m)
POINT (-73.49291595 4.09166877),4.09166877,-73.49291595,332.0,Bajo (<1.000 m)
POINT (-73.57135162 3.943383008),3.943383008,-73.57135162,354.0,Bajo (<1.000 m)
POINT (-72.99548981 4.519076127),4.519076127,-72.99548981,214.0,Bajo (<1.000 m)
POINT (-72.95268896 4.315244759),4.315244759,-72.95268896,183.0,Bajo (<1.000 m)
POINT (-73.53886668 3.805154089),3.805154089,-73.53886668,316.0,Bajo (<1.000 m)
POINT (-74.06232494 3.834631516),3.834631516,-74.06232494,1891.0,Alto (1.800-2.200 m)
POINT (-73.31477539 4.232526389),4.232526389,-73.31477539,291.0,Bajo (<1.000 m)
POINT (-73.71441684 4.353769888),4.353769888,-73.71441684,1878.0,Alto (1.800-2.200 m)
POINT (-73.89445238 3.60282633),3.60282633,-73.89445238,542.0,Bajo (<1.000 m)
POINT (-73.83161892 3.706969785),3.706969785,-73.83161892,571.0,Bajo (<1.000 m)
POINT (-73.59625429 3.382370124),3.382370124,-73.59625429,262.0,Bajo (<1.000 m)
POINT (-73.7611547 3.441051399),3.441051399,-73.7611547,332.0,Bajo (<1.000 m)
POINT (-73.95983864 3.947775585),3.947775585,-73.95983864,1833.0,Alto (1.800-2.200 m)
POINT (-71.93805692 3.117523361),3.117523361,-71.93805692,197.0,Bajo (<1.000 m)
POINT (-74.12454824 3.154771201),3.154771201,-74.12454824,882.0,Bajo (<1.000 m)
POINT (-74.09488076 2.161863917),2.161863917,-74.09488076,255.0,Bajo (<1.000 m)
POINT (-74.43066134 3.047726858),3.047726858,-74.43066134,499.0,Bajo (<1.000 m)
POINT (-74.09628467 3.614714873),3.614714873,-74.09628467,1640.0,Medio (1.000-1.800 m)
POINT (-72.7210941 2.752260112),2.752260112,-72.7210941,229.0,Bajo (<1.000 m)
POINT (-71.63157429 4.005034467),4.005034467,-71.63157429,189.0,Bajo (<1.000 m)
POINT (-72.64570499 4.014298921),4.014298921,-72.64570499,202.0,Bajo (<1.000 m)
POINT (-73.23671436 3.193092925),3.193092925,-73.23671436,247.0,Bajo (<1.000 m)
POINT (-73.13780171 2.758083657),2.758083657,-73.13780171,214.0,Bajo (<1.000 m)
POINT (-73.50226037 4.204310977),4.204310977,-73.50226037,365.0,Bajo (<1.000 m)
POINT (-73.27583401 3.84761678),3.84761678,-73.27583401,242.0,Bajo (<1.000 m)
POINT (-73.81635243 3.289851171),3.289851171,-73.81635243,359.0,Bajo (<1.000 m)
POINT (-73.66041355 4.471346322),4.471346322,-73.66041355,1965.0,Alto (1.800-2.200 m)
POINT (-72.65672742 3.515860962),3.515860962,-72.65672742,218.0,Bajo (<1.000 m)
POINT (-73.66652234 2.811616698),2.811616698,-73.66652234,281.0,Bajo (<1.000 m)
POINT (-77.20610074 1.083605497),1.083605497,-77.20610074,3241.0,Muy alto (>2.200 m)
POINT (-77.06880947 1.469854084),1.469854084,-77.06880947,2254.0,Muy alto (>2.200 m)
POINT (-77.69538731 0.913431916),0.913431916,-77.69538731,3180.0,Muy alto (>2.200 m)
POINT (-77.53115777 1.245254077),1.245254077,-77.53115777,1556.0,Medio (1.000-1.800 m)
POINT (-77.12985001 1.480051172),1.480051172,-77.12985001,1934.0,Alto (1.800-2.200 m)
POINT (-78.15621072 1.44563774),1.44563774,-78.15621072,631.0,Bajo (<1.000 m)
POINT (-77.01999366 1.593645287),1.593645287,-77.01999366,2492.0,Muy alto (>2.200 m)
POINT (-77.1163664 1.315215636),1.315215636,-77.1163664,2577.0,Muy alto (>2.200 m)
POINT (-77.0473156 1.636334379),1.636334379,-77.0473156,2317.0,Muy alto (>2.200 m)
POINT (-77.44063921 1.209066732),1.209066732,-77.44063921,1913.0,Alto (1.800-2.200 m)
POINT (-77.52808731 0.932667458),0.932667458,-77.52808731,2998.0,Muy alto (>2.200 m)
POINT (-77.36805903 0.78274688),0.78274688,-77.36805903,2654.0,Muy alto (>2.200 m)
POINT (-77.73591601 0.875426999),0.875426999,-77.73591601,3225.0,Muy alto (>2.200 m)
POINT (-77.95958446 0.944223274),0.944223274,-77.95958446,3275.0,Muy alto (>2.200 m)
POINT (-77.59281637 1.72559011),1.72559011,-77.59281637,1285.0,Medio (1.000-1.800 m)
POINT (-77.26969022 1.386497844),1.386497844,-77.26969022,2028.0,Alto (1.800-2.200 m)
POINT (-77.99533234 2.216382295),2.216382295,-77.99533234,68.0,Bajo (<1.000 m)
POINT (-77.43050934 1.512283967),1.512283967,-77.43050934,1100.0,Medio (1.000-1.800 m)
POINT (-77.48319589 1.887689437),1.887689437,-77.48319589,504.0,Bajo (<1.000 m)
POINT (-76.98526959 1.409430207),1.409430207,-76.98526959,2633.0,Muy alto (>2.200 m)
POINT (-77.38311597 1.43026376),1.43026376,-77.38311597,2240.0,Muy alto (>2.200 m)
POINT (-77.39532781 0.957786429),0.957786429,-77.39532781,3488.0,Muy alto (>2.200 m)
POINT (-77.73758941 0.975037904),0.975037904,-77.73758941,3024.0,Muy alto (>2.200 m)
POINT (-77.53011336 1.151366658),1.151366658,-77.53011336,2349.0,Muy alto (>2.200 m)
POINT (-77.58261883 0.928642623),0.928642623,-77.58261883,2998.0,Muy alto (>2.200 m)
POINT (-77.5186573 0.980534037),0.980534037,-77.5186573,3032.0,Muy alto (>2.200 m)
POINT (-77.50150864 1.07287697),1.07287697,-77.50150864,2470.0,Muy alto (>2.200 m)
POINT (-77.24047625 0.497708465),0.497708465,-77.24047625,767.0,Bajo (<1.000 m)
POINT (-76.92335262 1.584175998),1.584175998,-76.92335262,2432.0,Muy alto (>2.200 m)
POINT (-77.42293041 1.338034371),1.338034371,-77.42293041,2293.0,Muy alto (>2.200 m)
POINT (-77.61781608 1.541847847),1.541847847,-77.61781608,2098.0,Alto (1.800-2.200 m)
POINT (-78.23506694 2.56027333),2.56027333,-78.23506694,1.0,Bajo (<1.000 m)
POINT (-77.14284622 1.619697376),1.619697376,-77.14284622,1510.0,Medio (1.000-1.800 m)
POINT (-77.31220073 1.900862361),1.900862361,-77.31220073,1071.0,Medio (1.000-1.800 m)
POINT (-77.52093774 1.395173084),1.395173084,-77.52093774,1841.0,Alto (1.800-2.200 m)
POINT (-77.71054449 1.672601269),1.672601269,-77.71054449,894.0,Bajo (<1.000 m)
POINT (-78.04473644 1.906858429),1.906858429,-78.04473644,98.0,Bajo (<1.000 m)
POINT (-77.84664646 1.155947016),1.155947016,-77.84664646,2342.0,Muy alto (>2.200 m)
POINT (-78.438827 2.442493698),2.442493698,-78.438827,9.0,Bajo (<1.000 m)
POINT (-77.35220367 1.286775273),1.286775273,-77.35220367,2412.0,Muy alto (>2.200 m)
POINT (-78.31219024 2.287856547),2.287856547,-78.31219024,25.0,Bajo (<1.000 m)
POINT (-77.55234944 1.029815854),1.029815854,-77.55234944,2985.0,Muy alto (>2.200 m)
POINT (-78.59193099 2.088531925),2.088531925,-78.59193099,3.0,Bajo (<1.000 m)
POINT (-77.48134359 1.735354202),1.735354202,-77.48134359,1272.0,Medio (1.000-1.800 m)
POINT (-77.52870407 0.785841088),0.785841088,-77.52870407,2945.0,Muy alto (>2.200 m)
POINT (-77.59844212 1.232864821),1.232864821,-77.59844212,2500.0,Muy alto (>2.200 m)
POINT (-77.35032523 0.854351651),0.854351651,-77.35032523,3245.0,Muy alto (>2.200 m)
POINT (-77.63336954 0.916769831),0.916769831,-77.63336954,3104.0,Muy alto (>2.200 m)
POINT (-78.05811118 1.147671848),1.147671848,-78.05811118,1189.0,Medio (1.000-1.800 m)
POINT (-78.3811163 1.897581156),1.897581156,-78.3811163,26.0,Bajo (<1.000 m)
POINT (-77.69179559 1.430555262),1.430555262,-77.69179559,1833.0,Alto (1.800-2.200 m)
POINT (-77.45670068 1.288105409),1.288105409,-77.45670068,1767.0,Medio (1.000-1.800 m)
POINT (-77.02070663 1.529782485),1.529782485,-77.02070663,2554.0,Muy alto (>2.200 m)
POINT (-77.21872693 1.542139582),1.542139582,-77.21872693,2484.0,Muy alto (>2.200 m)
POINT (-76.97527979 1.681576627),1.681576627,-76.97527979,2295.0,Muy alto (>2.200 m)
POINT (-77.10140325 1.536823494),1.536823494,-77.10140325,2489.0,Muy alto (>2.200 m)
POINT (-77.98256461 2.494420411),2.494420411,-77.98256461,13.0,Bajo (<1.000 m)
POINT (-77.7445744 1.285179376),1.285179376,-77.7445744,2045.0,Alto (1.800-2.200 m)
POINT (-77.71810954 1.045287475),1.045287475,-77.71810954,3206.0,Muy alto (>2.200 m)
POINT (-77.32525316 1.591661392),1.591661392,-77.32525316,1060.0,Medio (1.000-1.800 m)
POINT (-77.35063491 1.064078111),1.064078111,-77.35063491,3362.0,Muy alto (>2.200 m)
POINT (-78.61540963 1.574550638),1.574550638,-78.61540963,15.0,Bajo (<1.000 m)
POINT (-77.63073238 1.134440523),1.134440523,-77.63073238,3186.0,Muy alto (>2.200 m)
POINT (-77.42467569 1.125547916),1.125547916,-77.42467569,2670.0,Muy alto (>2.200 m)
POINT (-72.48862641 8.112041811),8.112041811,-72.48862641,155.0,Bajo (<1.000 m)
POINT (-73.15850485 8.019834481),8.019834481,-73.15850485,1692.0,Medio (1.000-1.800 m)
POINT (-72.91705315 7.586048164),7.586048164,-72.91705315,1698.0,Medio (1.000-1.800 m)
POINT (-72.65951909 7.608509339),7.608509339,-72.65951909,1356.0,Medio (1.000-1.800 m)
POINT (-72.92919926 8.079802239),8.079802239,-72.92919926,1873.0,Alto (1.800-2.200 m)
POINT (-72.65212153 7.270560088),7.270560088,-72.65212153,2528.0,Muy alto (>2.200 m)
POINT (-73.12939481 7.684188896),7.684188896,-73.12939481,1698.0,Medio (1.000-1.800 m)
POINT (-72.58390978 7.583353136),7.583353136,-72.58390978,1830.0,Alto (1.800-2.200 m)
POINT (-72.52544746 7.05161677),7.05161677,-72.52544746,2507.0,Muy alto (>2.200 m)
POINT (-73.20007769 8.873159895),8.873159895,-73.20007769,786.0,Bajo (<1.000 m)
POINT (-72.79703447 7.502182366),7.502182366,-72.79703447,1765.0,Medio (1.000-1.800 m)
POINT (-72.67208072 7.746993206),7.746993206,-72.67208072,784.0,Bajo (<1.000 m)
POINT (-73.34585922 8.867990035),8.867990035,-73.34585922,650.0,Bajo (<1.000 m)
POINT (-73.0317597 8.678263671),8.678263671,-73.0317597,430.0,Bajo (<1.000 m)
POINT (-72.63152118 8.081200092),8.081200092,-72.63152118,659.0,Bajo (<1.000 m)
POINT (-72.80705582 7.906522991),7.906522991,-72.80705582,1165.0,Medio (1.000-1.800 m)
POINT (-73.0782633 8.361831987),8.361831987,-73.0782633,598.0,Bajo (<1.000 m)
POINT (-72.49269998 7.493955781),7.493955781,-72.49269998,2157.0,Alto (1.800-2.200 m)
POINT (-72.48281514 7.218372474),7.218372474,-72.48281514,1839.0,Alto (1.800-2.200 m)
POINT (-73.36139672 7.695233593),7.695233593,-73.36139672,114.0,Bajo (<1.000 m)
POINT (-73.18789327 8.256757875),8.256757875,-73.18789327,1382.0,Medio (1.000-1.800 m)
POINT (-72.52680784 7.742291094),7.742291094,-72.52680784,697.0,Bajo (<1.000 m)
POINT (-72.8467029 7.963712759),7.963712759,-72.8467029,1296.0,Medio (1.000-1.800 m)
POINT (-72.76834584 7.31694997),7.31694997,-72.76834584,3047.0,Muy alto (>2.200 m)
POINT (-73.33765033 8.206637527),8.206637527,-73.33765033,1371.0,Medio (1.000-1.800 m)
POINT (-72.67590348 7.379057623),7.379057623,-72.67590348,2897.0,Muy alto (>2.200 m)
POINT (-72.63515401 7.48287886),7.48287886,-72.63515401,1424.0,Medio (1.000-1.800 m)
POINT (-72.41119066 8.329138642),8.329138642,-72.41119066,54.0,Bajo (<1.000 m)
POINT (-72.50756622 7.595355974),7.595355974,-72.50756622,2155.0,Alto (1.800-2.200 m)
POINT (-72.86769959 7.772747824),7.772747824,-72.86769959,1850.0,Alto (1.800-2.200 m)
POINT (-73.2176038 8.414441404),8.414441404,-73.2176038,1548.0,Medio (1.000-1.800 m)
POINT (-72.60971203 7.847872195),7.847872195,-72.60971203,349.0,Bajo (<1.000 m)
POINT (-72.7182541 7.889234454),7.889234454,-72.7182541,576.0,Bajo (<1.000 m)
POINT (-72.79580961 8.215080767),8.215080767,-72.79580961,415.0,Bajo (<1.000 m)
POINT (-72.78617884 7.180991879),7.180991879,-72.78617884,3312.0,Muy alto (>2.200 m)
POINT (-73.15714097 8.760013794),8.760013794,-73.15714097,897.0,Bajo (<1.000 m)
POINT (-72.79925855 8.713507237),8.713507237,-72.79925855,66.0,Bajo (<1.000 m)
POINT (-72.30593418 7.225864961),7.225864961,-72.30593418,1918.0,Alto (1.800-2.200 m)
POINT (-72.98759418 7.936293173),7.936293173,-72.98759418,2377.0,Muy alto (>2.200 m)
POINT (-72.48361176 7.718635863),7.718635863,-72.48361176,798.0,Bajo (<1.000 m)
POINT (-75.72489985 4.499501128),4.499501128,-75.72489985,1280.0,Medio (1.000-1.800 m)
POINT (-75.74403734 4.366632382),4.366632382,-75.74403734,1352.0,Medio (1.000-1.800 m)
POINT (-75.65674719 4.467879428),4.467879428,-75.65674719,1506.0,Medio (1.000-1.800 m)
POINT (-75.66688449 4.604845344),4.604845344,-75.66688449,1647.0,Medio (1.000-1.800 m)
POINT (-75.65132308 4.395975176),4.395975176,-75.65132308,2283.0,Muy alto (>2.200 m)
POINT (-75.67146941 4.669325347),4.669325347,-75.67146941,1771.0,Medio (1.000-1.800 m)
POINT (-75.76056695 4.180107773),4.180107773,-75.76056695,2295.0,Muy alto (>2.200 m)
POINT (-75.81927335 4.426884849),4.426884849,-75.81927335,1131.0,Medio (1.000-1.800 m)
POINT (-75.81806594 4.521890945),4.521890945,-75.81806594,1214.0,Medio (1.000-1.800 m)
POINT (-75.68330417 4.30397934),4.30397934,-75.68330417,2609.0,Muy alto (>2.200 m)
POINT (-75.79205087 4.610273497),4.610273497,-75.79205087,1237.0,Medio (1.000-1.800 m)
POINT (-75.53092112 4.611314654),4.611314654,-75.53092112,2387.0,Muy alto (>2.200 m)
POINT (-75.79579093 4.803662773),4.803662773,-75.79579093,1182.0,Medio (1.000-1.800 m)
POINT (-75.95353871 5.139635357),5.139635357,-75.95353871,1677.0,Medio (1.000-1.800 m)
POINT (-75.94275386 4.918349676),4.918349676,-75.94275386,1039.0,Medio (1.000-1.800 m)
POINT (-75.86793893 5.200398696),5.200398696,-75.86793893,1502.0,Medio (1.000-1.800 m)
POINT (-75.66993655 4.842021144),4.842021144,-75.66993655,1438.0,Medio (1.000-1.800 m)
POINT (-75.80436659 5.320295966),5.320295966,-75.80436659,1741.0,Medio (1.000-1.800 m)
POINT (-76.00822678 4.988127679),4.988127679,-76.00822678,1382.0,Medio (1.000-1.800 m)
POINT (-75.85208162 4.904704187),4.904704187,-75.85208162,1059.0,Medio (1.000-1.800 m)
POINT (-75.7532139 4.942936185),4.942936185,-75.7532139,1399.0,Medio (1.000-1.800 m)
POINT (-75.96135387 5.414078141),5.414078141,-75.96135387,1545.0,Medio (1.000-1.800 m)
POINT (-76.07359421 5.286295408),5.286295408,-76.07359421,1126.0,Medio (1.000-1.800 m)
POINT (-75.71339683 5.323906864),5.323906864,-75.71339683,1760.0,Medio (1.000-1.800 m)
POINT (-75.54950174 4.833789828),4.833789828,-75.54950174,2224.0,Muy alto (>2.200 m)
POINT (-76.02286946 5.076100313),5.076100313,-76.02286946,1981.0,Alto (1.800-2.200 m)
POINT (-73.11156997 7.155833544),7.155833544,-73.11156997,707.0,Bajo (<1.000 m)
POINT (-73.53038541 6.182208476),6.182208476,-73.53038541,2080.0,Alto (1.800-2.200 m)
POINT (-73.79236929 5.788190519),5.788190519,-73.79236929,2298.0,Muy alto (>2.200 m)
POINT (-73.01162697 6.716766585),6.716766585,-73.01162697,1507.0,Medio (1.000-1.800 m)
POINT (-73.62345229 5.955617327),5.955617327,-73.62345229,1771.0,Medio (1.000-1.800 m)
POINT (-73.21518466 6.647062543),6.647062543,-73.21518466,1451.0,Medio (1.000-1.800 m)
POINT (-73.78211646 7.054074558),7.054074558,-73.78211646,70.0,Bajo (<1.000 m)
POINT (-73.37872388 7.033255886),7.033255886,-73.37872388,291.0,Bajo (<1.000 m)
POINT (-73.92065703 6.181715586),6.181715586,-73.92065703,725.0,Bajo (<1.000 m)
POINT (-73.25034892 6.562543673),6.562543673,-73.25034892,924.0,Bajo (<1.000 m)
POINT (-72.95131825 7.331565443),7.331565443,-72.95131825,2518.0,Muy alto (>2.200 m)
POINT (-72.67435203 6.520200095),6.520200095,-72.67435203,1300.0,Medio (1.000-1.800 m)
POINT (-72.56968434 6.659675274),6.659675274,-72.56968434,2888.0,Muy alto (>2.200 m)
POINT (-72.92924629 6.752465533),6.752465533,-72.92924629,1448.0,Medio (1.000-1.800 m)
POINT (-72.64536324 6.903923173),6.903923173,-72.64536324,3376.0,Muy alto (>2.200 m)
POINT (-73.06101382 6.35099819),6.35099819,-73.06101382,1596.0,Medio (1.000-1.800 m)
POINT (-72.97829057 7.282973001),7.282973001,-72.97829057,1897.0,Alto (1.800-2.200 m)
POINT (-73.40172144 6.361627641),6.361627641,-73.40172144,1493.0,Medio (1.000-1.800 m)
POINT (-73.63239132 6.067944658),6.067944658,-73.63239132,1794.0,Medio (1.000-1.800 m)
POINT (-74.17030427 6.40972961),6.40972961,-74.17030427,199.0,Bajo (<1.000 m)
POINT (-72.61815735 6.76062337),6.76062337,-72.61815735,3423.0,Muy alto (>2.200 m)
POINT (-73.25014013 6.342314443),6.342314443,-73.25014013,1479.0,Medio (1.000-1.800 m)
POINT (-73.50211527 6.303116611),6.303116611,-73.50211527,2228.0,Muy alto (>2.200 m)
POINT (-72.98176803 6.234735779),6.234735779,-72.98176803,2368.0,Muy alto (>2.200 m)
POINT (-73.05897888 6.608966483),6.608966483,-73.05897888,1471.0,Medio (1.000-1.800 m)
POINT (-73.56475288 6.664260002),6.664260002,-73.56475288,543.0,Bajo (<1.000 m)
POINT (-73.4977605 6.236115743),6.236115743,-73.4977605,1933.0,Alto (1.800-2.200 m)
POINT (-74.00040397 6.123389691),6.123389691,-74.00040397,680.0,Bajo (<1.000 m)
POINT (-73.18158192 7.524284721),7.524284721,-73.18158192,937.0,Bajo (<1.000 m)
POINT (-73.06206665 6.079061224),6.079061224,-73.06206665,2351.0,Muy alto (>2.200 m)
POINT (-72.68027939 6.65824115),6.65824115,-72.68027939,1995.0,Alto (1.800-2.200 m)
POINT (-73.95524931 5.801106291),5.801106291,-73.95524931,1468.0,Medio (1.000-1.800 m)
POINT (-73.0679925 7.079704598),7.079704598,-73.0679925,1371.0,Medio (1.000-1.800 m)
POINT (-73.32467124 6.671810994),6.671810994,-73.32467124,1082.0,Medio (1.000-1.800 m)
POINT (-73.31939934 5.924383558),5.924383558,-73.31939934,2263.0,Muy alto (>2.200 m)
POINT (-73.205267 6.976734127),6.976734127,-73.205267,1313.0,Medio (1.000-1.800 m)
POINT (-72.82369873 6.9434341),6.9434341,-72.82369873,2706.0,Muy alto (>2.200 m)
POINT (-73.40977445 6.233278248),6.233278248,-73.40977445,1470.0,Medio (1.000-1.800 m)
POINT (-73.33115275 6.319299865),6.319299865,-73.33115275,1340.0,Medio (1.000-1.800 m)
POINT (-73.72173671 5.944894844),5.944894844,-73.72173671,1971.0,Alto (1.800-2.200 m)
POINT (-73.57847854 6.04656148),6.04656148,-73.57847854,1396.0,Medio (1.000-1.800 m)
POINT (-73.36178841 6.559878299),6.559878299,-73.36178841,1748.0,Medio (1.000-1.800 m)
POINT (-73.78997419 5.872705896),5.872705896,-73.78997419,1814.0,Alto (1.800-2.200 m)
POINT (-73.1211236 6.710814846),6.710814846,-73.1211236,1061.0,Medio (1.000-1.800 m)
POINT (-74.04676575 5.895724341),5.895724341,-74.04676575,670.0,Bajo (<1.000 m)
POINT (-73.78760899 6.385234814),6.385234814,-73.78760899,1078.0,Medio (1.000-1.800 m)
POINT (-73.62977195 6.21737437),6.21737437,-73.62977195,1263.0,Medio (1.000-1.800 m)
POINT (-73.29138097 7.204060063),7.204060063,-73.29138097,589.0,Bajo (<1.000 m)
POINT (-73.10785086 6.812162934),6.812162934,-73.10785086,1656.0,Medio (1.000-1.800 m)
POINT (-72.58536492 6.513745303),6.513745303,-72.58536492,2326.0,Muy alto (>2.200 m)
POINT (-72.73841091 6.720222349),6.720222349,-72.73841091,2440.0,Muy alto (>2.200 m)
POINT (-73.05438997 7.348778319),7.348778319,-73.05438997,2201.0,Muy alto (>2.200 m)
POINT (-72.95834772 6.492532315),6.492532315,-72.95834772,1691.0,Medio (1.000-1.800 m)
POINT (-72.81916274 6.643290559),6.643290559,-72.81916274,2192.0,Alto (1.800-2.200 m)
POINT (-73.12211833 6.355368858),6.355368858,-73.12211833,1490.0,Medio (1.000-1.800 m)
POINT (-73.27961515 6.225596216),6.225596216,-73.27961515,1817.0,Alto (1.800-2.200 m)
POINT (-72.81205838 6.335194548),6.335194548,-72.81205838,2034.0,Alto (1.800-2.200 m)
POINT (-73.28247337 6.525876964),6.525876964,-73.28247337,838.0,Bajo (<1.000 m)
POINT (-73.28273174 6.391750107),6.391750107,-73.28273174,1387.0,Medio (1.000-1.800 m)
POINT (-73.17148232 6.416631131),6.416631131,-73.17148232,1417.0,Medio (1.000-1.800 m)
POINT (-73.01481196 6.97082104),6.97082104,-73.01481196,1541.0,Medio (1.000-1.800 m)
POINT (-73.17570986 6.513892626),6.513892626,-73.17570986,1362.0,Medio (1.000-1.800 m)
POINT (-73.67841815 5.831129906),5.831129906,-73.67841815,1926.0,Alto (1.800-2.200 m)
POINT (-73.95761256 6.685278856),6.685278856,-73.95761256,132.0,Bajo (<1.000 m)
POINT (-73.8354696 7.398198257),7.398198257,-73.8354696,68.0,Bajo (<1.000 m)
POINT (-73.37246417 7.474226085),7.474226085,-73.37246417,156.0,Bajo (<1.000 m)
POINT (-73.57131807 7.4065422),7.4065422,-73.57131807,119.0,Bajo (<1.000 m)
POINT (-72.81613202 6.796483063),6.796483063,-72.81613202,2026.0,Alto (1.800-2.200 m)
POINT (-73.55295302 6.076525355),6.076525355,-73.55295302,1375.0,Medio (1.000-1.800 m)
POINT (-73.11887911 6.550778765),6.550778765,-73.11887911,1411.0,Medio (1.000-1.800 m)
POINT (-72.85471883 6.459879823),6.459879823,-72.85471883,2358.0,Muy alto (>2.200 m)
POINT (-72.73976423 6.629400185),6.629400185,-72.73976423,1831.0,Alto (1.800-2.200 m)
POINT (-72.64322497 6.568121541),6.568121541,-72.64322497,2125.0,Alto (1.800-2.200 m)
POINT (-73.53900334 6.894292346),6.894292346,-73.53900334,189.0,Bajo (<1.000 m)
POINT (-72.89608933 6.988084711),6.988084711,-72.89608933,1987.0,Alto (1.800-2.200 m)
POINT (-73.58206609 6.40890734),6.40890734,-73.58206609,750.0,Bajo (<1.000 m)
POINT (-73.45910992 6.494231551),6.494231551,-73.45910992,2583.0,Muy alto (>2.200 m)
POINT (-73.24436001 6.462088241),6.462088241,-73.24436001,1477.0,Medio (1.000-1.800 m)
POINT (-73.36225795 6.101499739),6.101499739,-73.36225795,1639.0,Medio (1.000-1.800 m)
POINT (-73.95936235 5.983203734),5.983203734,-73.95936235,1270.0,Medio (1.000-1.800 m)
POINT (-72.98779966 7.475402063),7.475402063,-72.98779966,1895.0,Alto (1.800-2.200 m)
POINT (-72.93970443 7.170891099),7.170891099,-72.93970443,3383.0,Muy alto (>2.200 m)
POINT (-73.10997171 6.434578919),6.434578919,-73.10997171,1633.0,Medio (1.000-1.800 m)
POINT (-73.69057256 6.00741043),6.00741043,-73.69057256,2411.0,Muy alto (>2.200 m)
POINT (-72.88156901 7.322219563),7.322219563,-72.88156901,3192.0,Muy alto (>2.200 m)
POINT (-73.16396916 6.685867326),6.685867326,-73.16396916,1444.0,Medio (1.000-1.800 m)
POINT (-73.30975044 6.813725566),6.813725566,-73.30975044,2369.0,Muy alto (>2.200 m)
POINT (-75.43174967 9.316673928),9.316673928,-75.43174967,132.0,Bajo (<1.000 m)
POINT (-74.98014057 9.314972282),9.314972282,-74.98014057,104.0,Bajo (<1.000 m)
POINT (-75.13191063 8.792311599),8.792311599,-75.13191063,25.0,Bajo (<1.000 m)
POINT (-75.34528693 9.494043427),9.494043427,-75.34528693,127.0,Bajo (<1.000 m)
POINT (-75.23858178 9.160624283),9.160624283,-75.23858178,100.0,Bajo (<1.000 m)
POINT (-75.6574915 9.394449802),9.394449802,-75.6574915,0.0,Bajo (<1.000 m)
POINT (-75.32420908 9.569584598),9.569584598,-75.32420908,585.0,Bajo (<1.000 m)
POINT (-75.14575038 9.036231591),9.036231591,-75.14575038,52.0,Bajo (<1.000 m)
POINT (-74.98134706 9.135169096),9.135169096,-74.98134706,63.0,Bajo (<1.000 m)
POINT (-74.68734926 8.337828523),8.337828523,-74.68734926,23.0,Bajo (<1.000 m)
POINT (-75.28322212 8.811997799),8.811997799,-75.28322212,52.0,Bajo (<1.000 m)
POINT (-75.21302191 9.422380117),9.422380117,-75.21302191,201.0,Bajo (<1.000 m)
POINT (-74.71037883 8.546148134),8.546148134,-74.71037883,16.0,Bajo (<1.000 m)
POINT (-75.32718744 9.392496685),9.392496685,-75.32718744,128.0,Bajo (<1.000 m)
POINT (-75.18855916 9.549655271),9.549655271,-75.18855916,229.0,Bajo (<1.000 m)
POINT (-75.56199027 9.334940293),9.334940293,-75.56199027,34.0,Bajo (<1.000 m)
POINT (-75.36027422 9.165188649),9.165188649,-75.36027422,128.0,Bajo (<1.000 m)
POINT (-74.96469398 8.835634919),8.835634919,-74.96469398,12.0,Bajo (<1.000 m)
POINT (-75.21363579 9.292019071),9.292019071,-75.21363579,127.0,Bajo (<1.000 m)
POINT (-75.17249955 8.589220102),8.589220102,-75.17249955,22.0,Bajo (<1.000 m)
POINT (-75.50522919 9.814599536),9.814599536,-75.50522919,63.0,Bajo (<1.000 m)
POINT (-75.03741815 9.396835638),9.396835638,-75.03741815,141.0,Bajo (<1.000 m)
POINT (-75.09397089 9.256299047),9.256299047,-75.09397089,103.0,Bajo (<1.000 m)
POINT (-74.74753131 8.814333477),8.814333477,-74.74753131,17.0,Bajo (<1.000 m)
POINT (-75.53543469 9.533810567),9.533810567,-75.53543469,10.0,Bajo (<1.000 m)
POINT (-75.44451115 9.490297716),9.490297716,-75.44451115,58.0,Bajo (<1.000 m)
POINT (-75.252591 4.451921427),4.451921427,-75.252591,1267.0,Medio (1.000-1.800 m)
POINT (-74.94078233 3.390015064),3.390015064,-74.94078233,1306.0,Medio (1.000-1.800 m)
POINT (-74.98630686 4.582625784),4.582625784,-74.98630686,488.0,Bajo (<1.000 m)
POINT (-74.80998676 4.803365246),4.803365246,-74.80998676,259.0,Bajo (<1.000 m)
POINT (-75.20165423 4.623390454),4.623390454,-75.20165423,2939.0,Muy alto (>2.200 m)
POINT (-74.84750095 5.006758956),5.006758956,-74.84750095,307.0,Bajo (<1.000 m)
POINT (-75.61373257 3.37749064),3.37749064,-75.61373257,779.0,Bajo (<1.000 m)
POINT (-75.49745918 4.406971283),4.406971283,-75.49745918,2874.0,Muy alto (>2.200 m)
POINT (-74.74700246 4.123416795),4.123416795,-74.74700246,317.0,Bajo (<1.000 m)
POINT (-75.19457703 5.007003948),5.007003948,-75.19457703,2445.0,Muy alto (>2.200 m)
POINT (-75.58986634 3.743693084),3.743693084,-75.58986634,1139.0,Medio (1.000-1.800 m)
POINT (-74.91470256 4.315603867),4.315603867,-74.91470256,507.0,Bajo (<1.000 m)
POINT (-75.14720213 3.775490271),3.775490271,-75.14720213,337.0,Bajo (<1.000 m)
POINT (-74.68936908 3.98252395),3.98252395,-74.68936908,775.0,Bajo (<1.000 m)
POINT (-74.80256674 3.597863274),3.597863274,-74.80256674,1720.0,Medio (1.000-1.800 m)
POINT (-74.89352941 4.166476969),4.166476969,-74.89352941,322.0,Bajo (<1.000 m)
POINT (-74.95703372 5.079256598),5.079256598,-74.95703372,923.0,Bajo (<1.000 m)
POINT (-74.83708638 4.242813257),4.242813257,-74.83708638,295.0,Bajo (<1.000 m)
POINT (-75.05228995 5.186694812),5.186694812,-75.05228995,1641.0,Medio (1.000-1.800 m)
POINT (-74.97657287 4.076501341),4.076501341,-74.97657287,334.0,Bajo (<1.000 m)
POINT (-75.24322959 5.068553783),5.068553783,-75.24322959,2506.0,Muy alto (>2.200 m)
POINT (-74.78303094 5.179416561),5.179416561,-74.78303094,306.0,Bajo (<1.000 m)
POINT (-74.53964257 4.133276369),4.133276369,-74.53964257,1752.0,Medio (1.000-1.800 m)
POINT (-74.92337178 4.866034592),4.866034592,-74.92337178,355.0,Bajo (<1.000 m)
POINT (-75.04763076 4.877936755),4.877936755,-75.04763076,994.0,Bajo (<1.000 m)
POINT (-74.90668089 5.235322593),5.235322593,-74.90668089,690.0,Bajo (<1.000 m)
POINT (-74.60517497 4.193215498),4.193215498,-74.60517497,588.0,Bajo (<1.000 m)
POINT (-75.21993987 4.826734468),4.826734468,-75.21993987,2665.0,Muy alto (>2.200 m)
POINT (-75.12200999 3.540518203),3.540518203,-75.12200999,358.0,Bajo (<1.000 m)
POINT (-75.27824314 3.937793962),3.937793962,-75.27824314,454.0,Bajo (<1.000 m)
POINT (-75.0184505 5.094035737),5.094035737,-75.0184505,1369.0,Medio (1.000-1.800 m)
POINT (-74.99879938 4.433764446),4.433764446,-74.99879938,620.0,Bajo (<1.000 m)
POINT (-75.81684413 3.09897343),3.09897343,-75.81684413,2521.0,Muy alto (>2.200 m)
POINT (-74.87247706 3.729166649),3.729166649,-74.87247706,415.0,Bajo (<1.000 m)
POINT (-74.87451155 3.854281614),3.854281614,-74.87451155,563.0,Bajo (<1.000 m)
POINT (-75.85481103 3.468077548),3.468077548,-75.85481103,2010.0,Alto (1.800-2.200 m)
POINT (-75.59428027 4.097861181),4.097861181,-75.59428027,2781.0,Muy alto (>2.200 m)
POINT (-75.34758364 4.216730954),4.216730954,-75.34758364,1692.0,Medio (1.000-1.800 m)
POINT (-75.01859762 3.912542787),3.912542787,-75.01859762,309.0,Bajo (<1.000 m)
POINT (-75.50991004 3.926088268),3.926088268,-75.50991004,2101.0,Alto (1.800-2.200 m)
POINT (-75.16320806 4.057271684),4.057271684,-75.16320806,460.0,Bajo (<1.000 m)
POINT (-75.20069946 4.740827622),4.740827622,-75.20069946,3418.0,Muy alto (>2.200 m)
POINT (-74.84448738 3.969210629),3.969210629,-74.84448738,312.0,Bajo (<1.000 m)
POINT (-75.17148237 4.182125647),4.182125647,-75.17148237,681.0,Bajo (<1.000 m)
POINT (-74.92089886 4.70988172),4.70988172,-74.92089886,333.0,Bajo (<1.000 m)
POINT (-75.15592969 4.965753461),4.965753461,-75.15592969,2433.0,Muy alto (>2.200 m)
POINT (-74.61896623 3.854384097),3.854384097,-74.61896623,1841.0,Alto (1.800-2.200 m)
POINT (-76.57649259 3.399043723),3.399043723,-76.57649259,1193.0,Medio (1.000-1.800 m)
POINT (-75.78297932 4.6788971),4.6788971,-75.78297932,1228.0,Medio (1.000-1.800 m)
POINT (-76.16063341 4.153314228),4.153314228,-76.16063341,1063.0,Medio (1.000-1.800 m)
POINT (-76.02963049 4.795927292),4.795927292,-76.02963049,1050.0,Medio (1.000-1.800 m)
POINT (-76.14164999 4.704287864),4.704287864,-76.14164999,1481.0,Medio (1.000-1.800 m)
POINT (-76.34982039 4.393118861),4.393118861,-76.34982039,1430.0,Medio (1.000-1.800 m)
POINT (-77.11872832 3.493340766),3.493340766,-77.11872832,110.0,Bajo (<1.000 m)
POINT (-75.98312419 3.819854318),3.819854318,-75.98312419,2640.0,Muy alto (>2.200 m)
POINT (-76.0896103 4.196852991),4.196852991,-76.0896103,1072.0,Medio (1.000-1.800 m)
POINT (-75.83672567 4.308997973),4.308997973,-75.83672567,1367.0,Medio (1.000-1.800 m)
POINT (-76.64260484 3.923271619),3.923271619,-76.64260484,1282.0,Medio (1.000-1.800 m)
POINT (-76.38317663 3.382091564),3.382091564,-76.38317663,969.0,Bajo (<1.000 m)
POINT (-75.91790846 4.70684716),4.70684716,-75.91790846,948.0,Bajo (<1.000 m)
POINT (-76.72039347 3.649822218),3.649822218,-76.72039347,1582.0,Medio (1.000-1.800 m)
POINT (-76.06601001 4.917562873),4.917562873,-76.06601001,1697.0,Medio (1.000-1.800 m)
POINT (-76.21502826 4.756063701),4.756063701,-76.21502826,1616.0,Medio (1.000-1.800 m)
POINT (-76.30841784 3.656072873),3.656072873,-76.30841784,1005.0,Medio (1.000-1.800 m)
POINT (-76.28762701 4.539979729),4.539979729,-76.28762701,1347.0,Medio (1.000-1.800 m)
POINT (-76.16477307 3.304104295),3.304104295,-76.16477307,1703.0,Medio (1.000-1.800 m)
POINT (-76.19082004 3.74410441),3.74410441,-76.19082004,1526.0,Medio (1.000-1.800 m)
POINT (-76.34518277 3.759414991),3.759414991,-76.34518277,959.0,Bajo (<1.000 m)
POINT (-76.62760418 3.213892389),3.213892389,-76.62760418,1275.0,Medio (1.000-1.800 m)
POINT (-76.58989905 3.694303106),3.694303106,-76.58989905,1444.0,Medio (1.000-1.800 m)
POINT (-76.10328983 4.537937391),4.537937391,-76.10328983,960.0,Bajo (<1.000 m)
POINT (-75.96677303 4.483511142),4.483511142,-75.96677303,970.0,Bajo (<1.000 m)
POINT (-75.9491997 4.597588666),4.597588666,-75.9491997,961.0,Bajo (<1.000 m)
POINT (-76.22779972 3.558392876),3.558392876,-76.22779972,1129.0,Medio (1.000-1.800 m)
POINT (-76.17841841 3.42063665),3.42063665,-76.17841841,1483.0,Medio (1.000-1.800 m)
POINT (-76.53489853 3.806494973),3.806494973,-76.53489853,1395.0,Medio (1.000-1.800 m)
POINT (-76.37105443 4.109500298),4.109500298,-76.37105443,1208.0,Medio (1.000-1.800 m)
POINT (-76.16824249 4.443571848),4.443571848,-76.16824249,1182.0,Medio (1.000-1.800 m)
POINT (-76.20836168 3.98143244),3.98143244,-76.20836168,1123.0,Medio (1.000-1.800 m)
POINT (-75.88818163 4.193411919),4.193411919,-75.88818163,2125.0,Alto (1.800-2.200 m)
POINT (-76.08106176 4.638421279),4.638421279,-76.08106176,1199.0,Medio (1.000-1.800 m)
POINT (-76.34292699 4.233268116),4.233268116,-76.34292699,1784.0,Medio (1.000-1.800 m)
POINT (-76.03250379 4.02840797),4.02840797,-76.03250379,2730.0,Muy alto (>2.200 m)
POINT (-75.77835903 4.707718947),4.707718947,-75.77835903,1226.0,Medio (1.000-1.800 m)
POINT (-76.25924483 4.644242641),4.644242641,-76.25924483,1970.0,Alto (1.800-2.200 m)
POINT (-76.47064718 3.74365889),3.74365889,-76.47064718,1662.0,Medio (1.000-1.800 m)
POINT (-76.39080435 3.904130354),3.904130354,-76.39080435,976.0,Bajo (<1.000 m)
POINT (-76.5109879 3.595913669),3.595913669,-76.5109879,1230.0,Medio (1.000-1.800 m)
POINT (-76.05065336 4.35359875),4.35359875,-76.05065336,950.0,Bajo (<1.000 m)
POINT (-70.50921153 6.796280825),6.796280825,-70.50921153,122.0,Bajo (<1.000 m)
POINT (-71.29827429 6.799338394),6.799338394,-71.29827429,156.0,Bajo (<1.000 m)
POINT (-70.07381197 6.39654349),6.39654349,-70.07381197,97.0,Bajo (<1.000 m)
POINT (-71.79124241 6.750907234),6.750907234,-71.79124241,291.0,Bajo (<1.000 m)
POINT (-70.96678964 6.411761829),6.411761829,-70.96678964,129.0,Bajo (<1.000 m)
POINT (-71.85070757 6.906941714),6.906941714,-71.85070757,210.0,Bajo (<1.000 m)
POINT (-71.79178647 6.390650479),6.390650479,-71.79178647,439.0,Bajo (<1.000 m)
POINT (-72.25802857 5.242744761),5.242744761,-72.25802857,213.0,Bajo (<1.000 m)
POINT (-72.54821017 5.126121886),5.126121886,-72.54821017,264.0,Bajo (<1.000 m)
POINT (-72.86496804 5.228453404),5.228453404,-72.86496804,1288.0,Medio (1.000-1.800 m)
POINT (-71.52445752 6.03948032),6.03948032,-71.52445752,171.0,Bajo (<1.000 m)
POINT (-72.34693377 6.178282373),6.178282373,-72.34693377,2238.0,Muy alto (>2.200 m)
POINT (-72.21280273 4.675769488),4.675769488,-72.21280273,167.0,Bajo (<1.000 m)
POINT (-72.8473434 4.841308642),4.841308642,-72.8473434,464.0,Bajo (<1.000 m)
POINT (-72.09251937 5.529181235),5.529181235,-72.09251937,231.0,Bajo (<1.000 m)
POINT (-71.59873966 4.915139133),4.915139133,-71.59873966,146.0,Bajo (<1.000 m)
POINT (-70.86947037 5.779915281),5.779915281,-70.86947037,124.0,Bajo (<1.000 m)
POINT (-71.92580806 5.663194953),5.663194953,-71.92580806,217.0,Bajo (<1.000 m)
POINT (-72.77081831 5.263068507),5.263068507,-72.77081831,1333.0,Medio (1.000-1.800 m)
POINT (-72.99580655 4.81119011),4.81119011,-72.99580655,594.0,Bajo (<1.000 m)
POINT (-72.21076163 6.049906435),6.049906435,-72.21076163,1392.0,Medio (1.000-1.800 m)
POINT (-71.81749276 5.274955665),5.274955665,-71.81749276,171.0,Bajo (<1.000 m)
POINT (-72.20067822 5.878927424),5.878927424,-72.20067822,1076.0,Medio (1.000-1.800 m)
POINT (-72.62922436 4.697463691),4.697463691,-72.62922436,195.0,Bajo (<1.000 m)
POINT (-71.25479519 5.354527091),5.354527091,-71.25479519,137.0,Bajo (<1.000 m)
POINT (-72.82314281 4.528307719),4.528307719,-72.82314281,190.0,Bajo (<1.000 m)
POINT (-76.66584349 1.26070915),1.26070915,-76.66584349,2124.0,Alto (1.800-2.200 m)
POINT (-76.97376805 1.204815876),1.204815876,-76.97376805,2246.0,Muy alto (>2.200 m)
POINT (-76.94313923 0.673756323),0.673756323,-76.94313923,424.0,Bajo (<1.000 m)
POINT (-76.52158203 0.433884539),0.433884539,-76.52158203,261.0,Bajo (<1.000 m)
POINT (-76.49864415 0.70416861),0.70416861,-76.49864415,289.0,Bajo (<1.000 m)
POINT (-75.88022979 0.746432215),0.746432215,-75.88022979,230.0,Bajo (<1.000 m)
POINT (-75.06479327 0.05947197),0.05947197,-75.06479327,206.0,Bajo (<1.000 m)
POINT (-76.91307585 1.228746922),1.228746922,-76.91307585,2558.0,Muy alto (>2.200 m)
POINT (-76.84726661 1.136071096),1.136071096,-76.84726661,2710.0,Muy alto (>2.200 m)
POINT (-76.84510459 0.272449048),0.272449048,-76.84510459,278.0,Bajo (<1.000 m)
POINT (-76.97751684 1.036021482),1.036021482,-76.97751684,3139.0,Muy alto (>2.200 m)
POINT (-76.77067026 0.42012589),0.42012589,-76.77067026,297.0,Bajo (<1.000 m)
POINT (-76.74495447 0.911149515),0.911149515,-76.74495447,570.0,Bajo (<1.000 m)
POINT (-81.71762382 12.54311512),12.54311512,-81.71762382,55.0,Bajo (<1.000 m)
POINT (-81.37388549 13.3511096),13.3511096,-81.37388549,200.0,Bajo (<1.000 m)
POINT (-70.04513691 -3.530058784),-3.530058784,-70.04513691,140.0,Bajo (<1.000 m)
POINT (-72.72361566 -1.997234795),-1.997234795,-72.72361566,150.0,Bajo (<1.000 m)
POINT (-72.44442966 -1.509799605),-1.509799605,-72.44442966,157.0,Bajo (<1.000 m)
POINT (-69.94602815 -1.550256503),-1.550256503,-69.94602815,114.0,Bajo (<1.000 m)
POINT (-71.10487805 -0.125016381),-0.125016381,-71.10487805,177.0,Bajo (<1.000 m)
POINT (-71.1855046 -0.687037553),-0.687037553,-71.1855046,155.0,Bajo (<1.000 m)
POINT (-73.75722748 -0.952145073),-0.952145073,-73.75722748,150.0,Bajo (<1.000 m)
POINT (-71.1484049 -1.91085406),-1.91085406,-71.1484049,148.0,Bajo (<1.000 m)
POINT (-70.47199039 -3.631323222),-3.631323222,-70.47199039,122.0,Bajo (<1.000 m)
POINT (-71.93893358 -1.101032624),-1.101032624,-71.93893358,170.0,Bajo (<1.000 m)
POINT (-70.00651535 -2.451794264),-2.451794264,-70.00651535,113.0,Bajo (<1.000 m)
POINT (-68.00834728 3.516363079),3.516363079,-68.00834728,121.0,Bajo (<1.000 m)
POINT (-69.69713423 3.140558454),3.140558454,-69.69713423,188.0,Bajo (<1.000 m)
POINT (-67.52060569 2.312179782),2.312179782,-67.52060569,111.0,Bajo (<1.000 m)
POINT (-68.25799033 2.582829542),2.582829542,-68.25799033,144.0,Bajo (<1.000 m)
POINT (-67.001518 1.404540273),1.404540273,-67.001518,109.0,Bajo (<1.000 m)
POINT (-67.58507998 3.38616245),3.38616245,-67.58507998,103.0,Bajo (<1.000 m)
POINT (-69.11440036 1.981055294),1.981055294,-69.11440036,171.0,Bajo (<1.000 m)
POINT (-69.84001585 2.421444806),2.421444806,-69.84001585,161.0,Bajo (<1.000 m)
POINT (-71.91916993 2.484286091),2.484286091,-71.91916993,211.0,Bajo (<1.000 m)
POINT (-73.0342639 1.613634284),1.613634284,-73.0342639,257.0,Bajo (<1.000 m)
POINT (-72.24364869 2.143447362),2.143447362,-72.24364869,178.0,Bajo (<1.000 m)
POINT (-72.01810951 1.363974932),1.363974932,-72.01810951,205.0,Bajo (<1.000 m)
POINT (-70.46688401 1.06148231),1.06148231,-70.46688401,199.0,Bajo (<1.000 m)
POINT (-71.33093035 1.052762314),1.052762314,-71.33093035,225.0,Bajo (<1.000 m)
POINT (-70.5433061 -0.00834364),-0.00834364,-70.5433061,155.0,Bajo (<1.000 m)
POINT (-69.90776202 -0.719822209),-0.719822209,-69.90776202,132.0,Bajo (<1.000 m)
POINT (-70.91166315 1.569312273),1.569312273,-70.91166315,218.0,Bajo (<1.000 m)
POINT (-69.61867754 0.833312241),0.833312241,-69.61867754,175.0,Bajo (<1.000 m)
POINT (-68.14122234 5.836529669),5.836529669,-68.14122234,67.0,Bajo (<1.000 m)
POINT (-69.62044054 5.517593607),5.517593607,-69.62044054,100.0,Bajo (<1.000 m)
POINT (-70.65997097 4.968581012),4.968581012,-70.65997097,145.0,Bajo (<1.000 m)
POINT (-69.52140484 4.262454746),4.262454746,-69.52140484,162.0,Bajo (<1.000 m)
